"instance_id","rdf:type","rdfs:label","prov:wasGeneratedBy"
"viewsari:abacco-antonio-l","viewsari:person","Abacco, Antonio L'","viewsari:coreference_reconciliation_run_1"
"viewsari:agnolo-baccio-d-baccio-baglioni","viewsari:person","Agnolo, Baccio d' (Baccio Baglioni)","viewsari:coreference_reconciliation_run_1"
"viewsari:agnolo-giuliano-di-baccio-d","viewsari:person","Agnolo, Giuliano di Baccio d'","viewsari:coreference_reconciliation_run_1"
"viewsari:agnolo-nephew-of-montorsoli","viewsari:person","Agnolo (nephew of Montorsoli)","viewsari:coreference_reconciliation_run_1"
"viewsari:agnolo-of-siena","viewsari:person","Agnolo (of Siena)","viewsari:coreference_reconciliation_run_1"
"viewsari:agobbio-oderigi-d","viewsari:person","Agobbio, Oderigi d'","viewsari:coreference_reconciliation_run_1"
"viewsari:agostino-of-siena","viewsari:person","Agostino (of Siena)","viewsari:coreference_reconciliation_run_1"
"viewsari:albertinelli-mariotto","viewsari:person","Albertinelli, Mariotto","viewsari:coreference_reconciliation_run_1"
"viewsari:allori-alessandro-alessandro-del-bronzino","viewsari:person","Allori, Alessandro (Alessandro del Bronzino)","viewsari:coreference_reconciliation_run_1"
"viewsari:altissimo-cristofano-dell","viewsari:person","Altissimo, Cristofano dell'","viewsari:coreference_reconciliation_run_1"
"viewsari:amalteo-pomponio","viewsari:person","Amalteo, Pomponio","viewsari:coreference_reconciliation_run_1"
"viewsari:ammanati-bartolommeo","viewsari:person","Ammanati, Bartolommeo","viewsari:coreference_reconciliation_run_1"
"viewsari:angelico-fra-fra-giovanni-da-fiesole","viewsari:person","Angelico, Fra (Fra Giovanni da Fiesole)","viewsari:coreference_reconciliation_run_1"
"viewsari:angelo-battista-d-battista-d-agnolo-or-del-moro","viewsari:person","Angelo, Battista d' (Battista d' Agnolo, or del Moro)","viewsari:coreference_reconciliation_run_1"
"viewsari:angelo-lorentino-d","viewsari:person","Angelo, Lorentino d'","viewsari:coreference_reconciliation_run_1"
"viewsari:anguisciuola-sofonisba","viewsari:person","Anguisciuola, Sofonisba","viewsari:coreference_reconciliation_run_1"
"viewsari:antwerp-willem-van","viewsari:person","Antwerp, Willem van","viewsari:coreference_reconciliation_run_1"
"viewsari:apollonio","viewsari:person","Apollonio","viewsari:coreference_reconciliation_run_1"
"viewsari:aretino-leone-leone-lioni","viewsari:person","Aretino, Leone (Leone Lioni)","viewsari:coreference_reconciliation_run_1"
"viewsari:aretino-marchionne","viewsari:person","Aretino, Marchionne","viewsari:coreference_reconciliation_run_1"
"viewsari:aretino-spinello","viewsari:person","Aretino, Spinello","viewsari:coreference_reconciliation_run_1"
"viewsari:aspertini-amico","viewsari:person","Aspertini, Amico","viewsari:coreference_reconciliation_run_1"
"viewsari:attavante-or-vante","viewsari:person","Attavante (or Vante)","viewsari:coreference_reconciliation_run_1"
"viewsari:avanzi-jacopo-jacopo-davanzo","viewsari:person","Avanzi, Jacopo (Jacopo Davanzo)","viewsari:coreference_reconciliation_run_1"
"viewsari:bagnacavallo-bartolommeo-da-bartolommeo-ramenghi","viewsari:person","Bagnacavallo, Bartolommeo da (Bartolommeo Ramenghi)","viewsari:coreference_reconciliation_run_1"
"viewsari:baldovinetti-alesso","viewsari:person","Baldovinetti, Alesso","viewsari:coreference_reconciliation_run_1"
"viewsari:banco-nanni-d-antonio-di","viewsari:person","Banco, Nanni d' Antonio di","viewsari:coreference_reconciliation_run_1"
"viewsari:bandinelli-baccio-baccio-de-brandini","viewsari:person","Bandinelli, Baccio (Baccio de' Brandini)","viewsari:coreference_reconciliation_run_1"
"viewsari:bandinelli-clemente","viewsari:person","Bandinelli, Clemente","viewsari:coreference_reconciliation_run_1"
"viewsari:barile-gian-giovan","viewsari:person","Barile, Gian (Giovan)","viewsari:coreference_reconciliation_run_1"
"viewsari:barile-gian-of-florence","viewsari:person","Barile, Gian (of Florence)","viewsari:coreference_reconciliation_run_1"
"viewsari:barozzi-jacopo-vignuola","viewsari:person","Barozzi, Jacopo (Vignuola)","viewsari:coreference_reconciliation_run_1"
"viewsari:bartoli-domenico","viewsari:person","Bartoli, Domenico","viewsari:coreference_reconciliation_run_1"
"viewsari:bartoli-taddeo","viewsari:person","Bartoli, Taddeo","viewsari:coreference_reconciliation_run_1"
"viewsari:baviera","viewsari:person","Baviera","viewsari:coreference_reconciliation_run_1"
"viewsari:bazzi-giovanni-antonio-il-sodoma","viewsari:person","Bazzi, Giovanni Antonio (Il Sodoma)","viewsari:coreference_reconciliation_run_1"
"viewsari:beccafumi-domenico-domenico-di-pace","viewsari:person","Beccafumi, Domenico (Domenico di Pace)","viewsari:coreference_reconciliation_run_1"
"viewsari:beceri-domenico-domenico-benci","viewsari:person","Beceri, Domenico (Domenico Benci)","viewsari:coreference_reconciliation_run_1"
"viewsari:bellini-gentile","viewsari:person","Bellini, Gentile","viewsari:coreference_reconciliation_run_1"
"viewsari:bellini-giovanni","viewsari:person","Bellini, Giovanni","viewsari:coreference_reconciliation_run_1"
"viewsari:bellini-jacopo","viewsari:person","Bellini, Jacopo","viewsari:coreference_reconciliation_run_1"
"viewsari:bembi-bonifazio","viewsari:person","Bembi, Bonifazio","viewsari:coreference_reconciliation_run_1"
"viewsari:berna","viewsari:person","Berna","viewsari:coreference_reconciliation_run_1"
"viewsari:bernardi-giovanni-giovanni-da-castel-bolognese","viewsari:person","Bernardi, Giovanni (Giovanni da Castel Bolognese)","viewsari:coreference_reconciliation_run_1"
"viewsari:bernazzano-cesare","viewsari:person","Bernazzano, Cesare","viewsari:coreference_reconciliation_run_1"
"viewsari:bertoldo","viewsari:person","Bertoldo","viewsari:coreference_reconciliation_run_1"
"viewsari:biagio-pupil-of-botticelli","viewsari:person","Biagio (pupil of Botticelli)","viewsari:coreference_reconciliation_run_1"
"viewsari:bicci-lorenzo-di","viewsari:person","Bicci, Lorenzo di","viewsari:coreference_reconciliation_run_1"
"viewsari:bigio-nanni-di-baccio-giovanni-di-baccio","viewsari:person","Bigio, Nanni di Baccio (Giovanni di Baccio)","viewsari:coreference_reconciliation_run_1"
"viewsari:boccaccino-boccaccio","viewsari:person","Boccaccino, Boccaccio","viewsari:coreference_reconciliation_run_1"
"viewsari:boccaccino-camillo","viewsari:person","Boccaccino, Camillo","viewsari:coreference_reconciliation_run_1"
"viewsari:bologhini-bartolommeo","viewsari:person","Bologhini, Bartolommeo","viewsari:coreference_reconciliation_run_1"
"viewsari:bolognese-biagio-biagio-pupini","viewsari:person","Bolognese, Biagio (Biagio Pupini)","viewsari:coreference_reconciliation_run_1"
"viewsari:bolognese-guido","viewsari:person","Bolognese, Guido","viewsari:coreference_reconciliation_run_1"
"viewsari:bolognese-marc-antonio-marc-antonio-raimondi-or-de-franci","viewsari:person","Bolognese, Marc' Antonio (Marc' Antonio Raimondi, or de' Franci)","viewsari:coreference_reconciliation_run_1"
"viewsari:bonsignori-monsignori-francesco","viewsari:person","Bonsignori (Monsignori), Francesco","viewsari:coreference_reconciliation_run_1"
"viewsari:bordone-paris","viewsari:person","Bordone, Paris","viewsari:coreference_reconciliation_run_1"
"viewsari:bosch-hieronymus","viewsari:person","Bosch, Hieronymus","viewsari:coreference_reconciliation_run_1"
"viewsari:botticelli-sandro-sandro-di-botticello-or-alessandro-filipepi","viewsari:person","Botticelli, Sandro (Sandro di Botticello, or Alessandro Filipepi)","viewsari:coreference_reconciliation_run_1"
"viewsari:bramantino-bartolommeo-suardi","viewsari:person","Bramantino (Bartolommeo Suardi)","viewsari:coreference_reconciliation_run_1"
"viewsari:bronzino-agnolo","viewsari:person","Bronzino, Agnolo","viewsari:coreference_reconciliation_run_1"
"viewsari:brugnuoli-bernardino","viewsari:person","Brugnuoli, Bernardino","viewsari:coreference_reconciliation_run_1"
"viewsari:brugnuoli-luigi","viewsari:person","Brugnuoli, Luigi","viewsari:coreference_reconciliation_run_1"
"viewsari:brunelleschi-filippo-filippo-di-ser-brunellesco","viewsari:person","Brunelleschi, Filippo (Filippo di Ser Brunellesco)","viewsari:coreference_reconciliation_run_1"
"viewsari:brusciasorzi-domenico-domenico-del-riccio","viewsari:person","Brusciasorzi, Domenico (Domenico del Riccio)","viewsari:coreference_reconciliation_run_1"
"viewsari:buda-girolamo-del","viewsari:person","Buda, Girolamo del","viewsari:coreference_reconciliation_run_1"
"viewsari:buffalmacco-buonamico","viewsari:person","Buffalmacco, Buonamico","viewsari:coreference_reconciliation_run_1"
"viewsari:bugiardini-giuliano","viewsari:person","Bugiardini, Giuliano","viewsari:coreference_reconciliation_run_1"
"viewsari:buglioni-benedetto","viewsari:person","Buglioni, Benedetto","viewsari:coreference_reconciliation_run_1"
"viewsari:buonarroti-michelagnolo","viewsari:person","Buonarroti, Michelagnolo","viewsari:coreference_reconciliation_run_1"
"viewsari:buono","viewsari:person","Buono","viewsari:coreference_reconciliation_run_1"
"viewsari:buontalenti-bernardo-timante","viewsari:person","Buontalenti, Bernardo Timante","viewsari:coreference_reconciliation_run_1"
"viewsari:calavrese-marco-marco-cardisco","viewsari:person","Calavrese, Marco (Marco Cardisco)","viewsari:coreference_reconciliation_run_1"
"viewsari:calcagni-tiberio","viewsari:person","Calcagni, Tiberio","viewsari:coreference_reconciliation_run_1"
"viewsari:caliari-paolo-paolo-veronese","viewsari:person","Caliari, Paolo (Paolo Veronese)","viewsari:coreference_reconciliation_run_1"
"viewsari:camicia-chimenti","viewsari:person","Camicia, Chimenti","viewsari:coreference_reconciliation_run_1"
"viewsari:campagnola-girolamo","viewsari:person","Campagnola, Girolamo","viewsari:coreference_reconciliation_run_1"
"viewsari:campo-giulio","viewsari:person","Campo, Giulio","viewsari:coreference_reconciliation_run_1"
"viewsari:canneri-anselmo","viewsari:person","Canneri, Anselmo","viewsari:coreference_reconciliation_run_1"
"viewsari:capanna-puccio","viewsari:person","Capanna, Puccio","viewsari:coreference_reconciliation_run_1"
"viewsari:caporali-benedetto-giovan-battista","viewsari:person","Caporali, Benedetto (Giovan Battista)","viewsari:coreference_reconciliation_run_1"
"viewsari:caraglio-giovanni-jacopo","viewsari:person","Caraglio, Giovanni Jacopo","viewsari:coreference_reconciliation_run_1"
"viewsari:caravaggio-polidoro-da-polidoro-caldara","viewsari:person","Caravaggio, Polidoro da (Polidoro Caldara)","viewsari:coreference_reconciliation_run_1"
"viewsari:caroto-giovan-francesco","viewsari:person","Caroto, Giovan Francesco","viewsari:coreference_reconciliation_run_1"
"viewsari:caroto-giovanni","viewsari:person","Caroto, Giovanni","viewsari:coreference_reconciliation_run_1"
"viewsari:carpaccio-scarpaccia-vittore","viewsari:person","Carpaccio (Scarpaccia), Vittore","viewsari:coreference_reconciliation_run_1"
"viewsari:carpi-girolamo-da-girolamo-da-ferrara","viewsari:person","Carpi, Girolamo da (Girolamo da Ferrara)","viewsari:coreference_reconciliation_run_1"
"viewsari:carpi-ugo-da","viewsari:person","Carpi, Ugo da","viewsari:coreference_reconciliation_run_1"
"viewsari:casentino-jacopo-di","viewsari:person","Casentino, Jacopo di","viewsari:coreference_reconciliation_run_1"
"viewsari:castagno-andrea-dal-andrea-degli-impiccati","viewsari:person","Castagno, Andrea dal (Andrea degli Impiccati)","viewsari:coreference_reconciliation_run_1"
"viewsari:castelfranco-giorgione-da","viewsari:person","Castelfranco, Giorgione da","viewsari:coreference_reconciliation_run_1"
"viewsari:catanei-piero","viewsari:person","Catanei, Piero","viewsari:coreference_reconciliation_run_1"
"viewsari:cattaneo-danese-danese-da-carrara","viewsari:person","Cattaneo, Danese (Danese da Carrara)","viewsari:coreference_reconciliation_run_1"
"viewsari:cavalieri-giovan-battista-de","viewsari:person","Cavalieri, Giovan Battista de'","viewsari:coreference_reconciliation_run_1"
"viewsari:cavallini-pietro","viewsari:person","Cavallini, Pietro","viewsari:coreference_reconciliation_run_1"
"viewsari:cavazzuola-paolo-paolo-morando","viewsari:person","Cavazzuola, Paolo (Paolo Morando)","viewsari:coreference_reconciliation_run_1"
"viewsari:cecca","viewsari:person","Cecca","viewsari:coreference_reconciliation_run_1"
"viewsari:cellini-baccio","viewsari:person","Cellini, Baccio","viewsari:coreference_reconciliation_run_1"
"viewsari:cellini-benvenuto","viewsari:person","Cellini, Benvenuto","viewsari:coreference_reconciliation_run_1"
"viewsari:ceri-andrea-de","viewsari:person","Ceri, Andrea de'","viewsari:coreference_reconciliation_run_1"
"viewsari:cimabue-giovanni","viewsari:person","Cimabue, Giovanni","viewsari:coreference_reconciliation_run_1"
"viewsari:cinque-battista-del","viewsari:person","Cinque, Battista del","viewsari:coreference_reconciliation_run_1"
"viewsari:cioli-simone","viewsari:person","Cioli, Simone","viewsari:coreference_reconciliation_run_1"
"viewsari:cioli-valerio","viewsari:person","Cioli, Valerio","viewsari:coreference_reconciliation_run_1"
"viewsari:ciuffagni-bernardo","viewsari:person","Ciuffagni, Bernardo","viewsari:coreference_reconciliation_run_1"
"viewsari:claudio-maestro","viewsari:person","Claudio, Maestro","viewsari:coreference_reconciliation_run_1"
"viewsari:cleef-joost-van","viewsari:person","Cleef, Joost van","viewsari:coreference_reconciliation_run_1"
"viewsari:clemente-prospero","viewsari:person","Clemente, Prospero","viewsari:coreference_reconciliation_run_1"
"viewsari:clovio-don-giulio","viewsari:person","Clovio, Don Giulio","viewsari:coreference_reconciliation_run_1"
"viewsari:cock-hieronymus","viewsari:person","Cock, Hieronymus","viewsari:coreference_reconciliation_run_1"
"viewsari:colle-raffaello-dal-raffaello-dal-borgo","viewsari:person","Colle, Raffaello dal (Raffaello dal Borgo)","viewsari:coreference_reconciliation_run_1"
"viewsari:colle-simone-da-simone-de-bronzi","viewsari:person","Colle, Simone da (Simone de' Bronzi)","viewsari:coreference_reconciliation_run_1"
"viewsari:colonna-jacopo","viewsari:person","Colonna, Jacopo","viewsari:coreference_reconciliation_run_1"
"viewsari:condivi-ascanio-ascanio-dalla-ripa-transone","viewsari:person","Condivi, Ascanio (Ascanio dalla Ripa Transone)","viewsari:coreference_reconciliation_run_1"
"viewsari:conte-jacopo-del","viewsari:person","Conte, Jacopo del","viewsari:coreference_reconciliation_run_1"
"viewsari:conti-domenico","viewsari:person","Conti, Domenico","viewsari:coreference_reconciliation_run_1"
"viewsari:contucci-andrea-andrea-sansovino","viewsari:person","Contucci, Andrea (Andrea Sansovino)","viewsari:coreference_reconciliation_run_1"
"viewsari:cordegliaghi-giovanetto","viewsari:person","Cordegliaghi, Giovanetto","viewsari:coreference_reconciliation_run_1"
"viewsari:corniole-giovanni-delle","viewsari:person","Corniole, Giovanni delle","viewsari:coreference_reconciliation_run_1"
"viewsari:correggio-antonio-da","viewsari:person","Correggio, Antonio da","viewsari:coreference_reconciliation_run_1"
"viewsari:cosimo-andrea-di-andrea-di-cosimo-feltrini","viewsari:person","Cosimo, Andrea di (Andrea di Cosimo Feltrini)","viewsari:coreference_reconciliation_run_1"
"viewsari:cosimo-piero-di","viewsari:person","Cosimo, Piero di","viewsari:coreference_reconciliation_run_1"
"viewsari:cosini-silvio-silvio-da-fiesole","viewsari:person","Cosini, Silvio (Silvio da Fiesole)","viewsari:coreference_reconciliation_run_1"
"viewsari:costa-lorenzo","viewsari:person","Costa, Lorenzo","viewsari:coreference_reconciliation_run_1"
"viewsari:cotignola-francesco-da-francesco-de-zaganelli","viewsari:person","Cotignola, Francesco da (Francesco de' Zaganelli","viewsari:coreference_reconciliation_run_1"
"viewsari:cotignola-girolamo-da-girolamo-marchesi","viewsari:person","Cotignola, Girolamo da (Girolamo Marchesi)","viewsari:coreference_reconciliation_run_1"
"viewsari:credi-lorenzo-di","viewsari:person","Credi, Lorenzo di","viewsari:coreference_reconciliation_run_1"
"viewsari:credi-maestro","viewsari:person","Credi, Maestro","viewsari:coreference_reconciliation_run_1"
"viewsari:cristofano","viewsari:person","Cristofano","viewsari:coreference_reconciliation_run_1"
"viewsari:cronaca-il-simone-del-pollaiuolo","viewsari:person","Cronaca, Il (Simone del Pollaiuolo)","viewsari:coreference_reconciliation_run_1"
"viewsari:cungi-battista","viewsari:person","Cungi, Battista","viewsari:coreference_reconciliation_run_1"
"viewsari:d-rer-albrecht","viewsari:person","Dòrer, Albrecht","viewsari:coreference_reconciliation_run_1"
"viewsari:daddi-bernardo","viewsari:person","Daddi, Bernardo","viewsari:coreference_reconciliation_run_1"
"viewsari:dalmasi-lippo","viewsari:person","Dalmasi, Lippo","viewsari:coreference_reconciliation_run_1"
"viewsari:danti-vincenzio","viewsari:person","Danti, Vincenzio","viewsari:coreference_reconciliation_run_1"
"viewsari:dello","viewsari:person","Dello","viewsari:coreference_reconciliation_run_1"
"viewsari:dente-marco-marco-da-ravenna","viewsari:person","Dente, Marco (Marco da Ravenna)","viewsari:coreference_reconciliation_run_1"
"viewsari:diamante-fra","viewsari:person","Diamante, Fra","viewsari:coreference_reconciliation_run_1"
"viewsari:diana-benedetto","viewsari:person","Diana, Benedetto","viewsari:coreference_reconciliation_run_1"
"viewsari:donato-donatello","viewsari:person","Donato (Donatello)","viewsari:coreference_reconciliation_run_1"
"viewsari:donzello-polito-del","viewsari:person","Donzello, Polito del","viewsari:coreference_reconciliation_run_1"
"viewsari:dossi-battista","viewsari:person","Dossi, Battista","viewsari:coreference_reconciliation_run_1"
"viewsari:dossi-dosso","viewsari:person","Dossi, Dosso","viewsari:coreference_reconciliation_run_1"
"viewsari:duccio","viewsari:person","Duccio","viewsari:coreference_reconciliation_run_1"
"viewsari:eyck-jan-van-johann-of-bruges","viewsari:person","Eyck, Jan van (Johann of Bruges)","viewsari:coreference_reconciliation_run_1"
"viewsari:fabbro-pippo-del","viewsari:person","Fabbro, Pippo del","viewsari:coreference_reconciliation_run_1"
"viewsari:fabriano-gentile-da","viewsari:person","Fabriano, Gentile da","viewsari:coreference_reconciliation_run_1"
"viewsari:fagiuoli-girolamo","viewsari:person","Fagiuoli, Girolamo","viewsari:coreference_reconciliation_run_1"
"viewsari:falconetto-giovan-maria","viewsari:person","Falconetto, Giovan Maria","viewsari:coreference_reconciliation_run_1"
"viewsari:farinato-battista-battista-da-verona","viewsari:person","Farinato, Battista (Battista da Verona)","viewsari:coreference_reconciliation_run_1"
"viewsari:feltro-morto-da","viewsari:person","Feltro, Morto da","viewsari:coreference_reconciliation_run_1"
"viewsari:ferrarese-ercole-ercole-da-ferrara","viewsari:person","Ferrarese, Ercole (Ercole da Ferrara)","viewsari:coreference_reconciliation_run_1"
"viewsari:fiesole-andrea-da-andrea-ferrucci","viewsari:person","Fiesole, Andrea da (Andrea Ferrucci)","viewsari:coreference_reconciliation_run_1"
"viewsari:fiesole-mino-da-mino-di-giovanni","viewsari:person","Fiesole, Mino da (Mino di Giovanni,","viewsari:coreference_reconciliation_run_1"
"viewsari:filarete-antonio","viewsari:person","Filarete, Antonio","viewsari:coreference_reconciliation_run_1"
"viewsari:fivizzano","viewsari:person","Fivizzano","viewsari:coreference_reconciliation_run_1"
"viewsari:florigorio-bastianello-sebastiano-florigerio","viewsari:person","Florigorio, Bastianello (Sebastiano Florigerio)","viewsari:coreference_reconciliation_run_1"
"viewsari:floris-franz-franz-de-vrient","viewsari:person","Floris, Franz (Franz de Vrient)","viewsari:coreference_reconciliation_run_1"
"viewsari:fontana-prospero","viewsari:person","Fontana, Prospero","viewsari:coreference_reconciliation_run_1"
"viewsari:forl-melozzo-da","viewsari:person","Forlò, Melozzo da","viewsari:coreference_reconciliation_run_1"
"viewsari:francesca-piero-della-piero-borghese-or-piero-dal-borgo-a-san-sepolcro","viewsari:person","Francesca, Piero della (Piero Borghese, or Piero dal Borgo a San Sepolcro)","viewsari:coreference_reconciliation_run_1"
"viewsari:francia-francesco","viewsari:person","Francia, Francesco","viewsari:coreference_reconciliation_run_1"
"viewsari:franciabigio-francia","viewsari:person","Franciabigio (Francia)","viewsari:coreference_reconciliation_run_1"
"viewsari:franco-battista-battista-semolei","viewsari:person","Franco, Battista (Battista Semolei)","viewsari:coreference_reconciliation_run_1"
"viewsari:fredi-bartolo-di-maestro","viewsari:person","Fredi, Bartolo di Maestro","viewsari:coreference_reconciliation_run_1"
"viewsari:fuccio","viewsari:person","Fuccio","viewsari:coreference_reconciliation_run_1"
"viewsari:gaddi-agnolo","viewsari:person","Gaddi, Agnolo","viewsari:coreference_reconciliation_run_1"
"viewsari:gaddi-gaddo","viewsari:person","Gaddi, Gaddo","viewsari:coreference_reconciliation_run_1"
"viewsari:gaddi-giovanni","viewsari:person","Gaddi, Giovanni","viewsari:coreference_reconciliation_run_1"
"viewsari:gaddi-taddeo","viewsari:person","Gaddi, Taddeo","viewsari:coreference_reconciliation_run_1"
"viewsari:galassi-galasso-galasso-ferrarese","viewsari:person","Galassi, Galasso (Galasso Ferrarese)","viewsari:coreference_reconciliation_run_1"
"viewsari:gambara-lattanzio","viewsari:person","Gambara, Lattanzio","viewsari:coreference_reconciliation_run_1"
"viewsari:garbo-raffaellino-del","viewsari:person","Garbo, Raffaellino del","viewsari:coreference_reconciliation_run_1"
"viewsari:garofalo-benvenuto-benvenuto-tisi","viewsari:person","Garofalo, Benvenuto (Benvenuto Tisi)","viewsari:coreference_reconciliation_run_1"
"viewsari:genga-bartolommeo","viewsari:person","Genga, Bartolommeo","viewsari:coreference_reconciliation_run_1"
"viewsari:genga-girolamo","viewsari:person","Genga, Girolamo","viewsari:coreference_reconciliation_run_1"
"viewsari:ghent-justus-of","viewsari:person","Ghent, Justus of","viewsari:coreference_reconciliation_run_1"
"viewsari:gherardi-cristofano-doceno","viewsari:person","Gherardi, Cristofano (Doceno)","viewsari:coreference_reconciliation_run_1"
"viewsari:gherardo-of-florence","viewsari:person","Gherardo (of Florence)","viewsari:coreference_reconciliation_run_1"
"viewsari:ghiberti-bartoluccio","viewsari:person","Ghiberti, Bartoluccio","viewsari:coreference_reconciliation_run_1"
"viewsari:ghiberti-bonaccorso","viewsari:person","Ghiberti, Bonaccorso","viewsari:coreference_reconciliation_run_1"
"viewsari:ghiberti-lorenzo-lorenzo-di-bartoluccio-ghiberti-or-lorenzo-di-cione-ghiberti","viewsari:person","Ghiberti, Lorenzo (Lorenzo di Bartoluccio Ghiberti, or Lorenzo di Cione Ghiberti)","viewsari:coreference_reconciliation_run_1"
"viewsari:ghiberti-vittorio","viewsari:person","Ghiberti, Vittorio","viewsari:coreference_reconciliation_run_1"
"viewsari:ghirlandajo-benedetto","viewsari:person","Ghirlandajo, Benedetto","viewsari:coreference_reconciliation_run_1"
"viewsari:ghirlandajo-david","viewsari:person","Ghirlandajo, David","viewsari:coreference_reconciliation_run_1"
"viewsari:ghirlandajo-domenico","viewsari:person","Ghirlandajo, Domenico","viewsari:coreference_reconciliation_run_1"
"viewsari:ghirlandajo-michele-di-ridolfo","viewsari:person","Ghirlandajo, Michele di Ridolfo","viewsari:coreference_reconciliation_run_1"
"viewsari:ghirlandajo-ridolfo","viewsari:person","Ghirlandajo, Ridolfo","viewsari:coreference_reconciliation_run_1"
"viewsari:ghirlandajo-tommaso","viewsari:person","Ghirlandajo, Tommaso","viewsari:coreference_reconciliation_run_1"
"viewsari:giamberti-francesco","viewsari:person","Giamberti, Francesco","viewsari:coreference_reconciliation_run_1"
"viewsari:giocondo-fra","viewsari:person","Giocondo, Fra","viewsari:coreference_reconciliation_run_1"
"viewsari:giorgio-francesco-di","viewsari:person","Giorgio, Francesco di","viewsari:coreference_reconciliation_run_1"
"viewsari:giottino-tommaso-or-maso","viewsari:person","Giottino, Tommaso (or Maso)","viewsari:coreference_reconciliation_run_1"
"viewsari:giotto","viewsari:person","Giotto","viewsari:coreference_reconciliation_run_1"
"viewsari:giovanni-bruno-di","viewsari:person","Giovanni, Bruno di","viewsari:coreference_reconciliation_run_1"
"viewsari:giovanni-the-fleming","viewsari:person","Giovanni (the Fleming)","viewsari:coreference_reconciliation_run_1"
"viewsari:giuntalodi-domenico","viewsari:person","Giuntalodi, Domenico","viewsari:coreference_reconciliation_run_1"
"viewsari:gozzoli-benozzo","viewsari:person","Gozzoli, Benozzo","viewsari:coreference_reconciliation_run_1"
"viewsari:graffione","viewsari:person","Graffione","viewsari:coreference_reconciliation_run_1"
"viewsari:granacci-francesco-il-granaccio","viewsari:person","Granacci, Francesco (Il Granaccio)","viewsari:coreference_reconciliation_run_1"
"viewsari:heemskerk-martin","viewsari:person","Heemskerk, Martin","viewsari:coreference_reconciliation_run_1"
"viewsari:imola-innocenzio-da-innocenzio-francucci","viewsari:person","Imola, Innocenzio da (Innocenzio Francucci)","viewsari:coreference_reconciliation_run_1"
"viewsari:indaco-jacopo-dell","viewsari:person","Indaco, Jacopo dell'","viewsari:coreference_reconciliation_run_1"
"viewsari:jacone-jacopo","viewsari:person","Jacone (Jacopo)","viewsari:coreference_reconciliation_run_1"
"viewsari:jacopo-don","viewsari:person","Jacopo, Don","viewsari:coreference_reconciliation_run_1"
"viewsari:koeck-pieter","viewsari:person","Koeck, Pieter","viewsari:coreference_reconciliation_run_1"
"viewsari:lancia-baldassarre","viewsari:person","Lancia, Baldassarre","viewsari:coreference_reconciliation_run_1"
"viewsari:lancia-pompilio","viewsari:person","Lancia, Pompilio","viewsari:coreference_reconciliation_run_1"
"viewsari:lapo-arnolfo-di-arnolfo-lapi","viewsari:person","Lapo, Arnolfo di (Arnolfo Lapi)","viewsari:coreference_reconciliation_run_1"
"viewsari:lappoli-giovanni-antonio","viewsari:person","Lappoli, Giovanni Antonio","viewsari:coreference_reconciliation_run_1"
"viewsari:lappoli-matteo","viewsari:person","Lappoli, Matteo","viewsari:coreference_reconciliation_run_1"
"viewsari:laurati-pietro-pietro-lorenzetti","viewsari:person","Laurati, Pietro (Pietro Lorenzetti)","viewsari:coreference_reconciliation_run_1"
"viewsari:leyden-lucas-van-lucas-of-holland","viewsari:person","Leyden, Lucas van (Lucas of Holland)","viewsari:coreference_reconciliation_run_1"
"viewsari:liberale","viewsari:person","Liberale","viewsari:coreference_reconciliation_run_1"
"viewsari:liberale-gensio","viewsari:person","Liberale, Gensio","viewsari:coreference_reconciliation_run_1"
"viewsari:libri-francesco-dai-the-elder","viewsari:person","Libri, Francesco dai (the elder)","viewsari:coreference_reconciliation_run_1"
"viewsari:libri-francesco-dai-the-younger","viewsari:person","Libri, Francesco dai (the younger)","viewsari:coreference_reconciliation_run_1"
"viewsari:libri-girolamo-dai","viewsari:person","Libri, Girolamo dai","viewsari:coreference_reconciliation_run_1"
"viewsari:licinio-giovanni-antonio-cuticello-or-pordenone","viewsari:person","Licinio, Giovanni Antonio (Cuticello, or Pordenone)","viewsari:coreference_reconciliation_run_1"
"viewsari:liefrinck-hans","viewsari:person","Liefrinck, Hans","viewsari:coreference_reconciliation_run_1"
"viewsari:ligorio-pirro","viewsari:person","Ligorio, Pirro","viewsari:coreference_reconciliation_run_1"
"viewsari:linaiuolo-berto","viewsari:person","Linaiuolo, Berto","viewsari:coreference_reconciliation_run_1"
"viewsari:lioni-pompeo","viewsari:person","Lioni, Pompeo","viewsari:coreference_reconciliation_run_1"
"viewsari:lippi-filippo-filippino","viewsari:person","Lippi, Filippo (Filippino)","viewsari:coreference_reconciliation_run_1"
"viewsari:lippi-fra-filippo","viewsari:person","Lippi, Fra Filippo","viewsari:coreference_reconciliation_run_1"
"viewsari:lippo","viewsari:person","Lippo","viewsari:coreference_reconciliation_run_1"
"viewsari:lombard-lambert-lambert-of-amsterdam","viewsari:person","Lombard, Lambert (Lambert of Amsterdam)","viewsari:coreference_reconciliation_run_1"
"viewsari:lombardi-alfonso","viewsari:person","Lombardi, Alfonso","viewsari:coreference_reconciliation_run_1"
"viewsari:lombardo-girolamo-girolamo-ferrarese","viewsari:person","Lombardo, Girolamo (Girolamo Ferrarese)","viewsari:coreference_reconciliation_run_1"
"viewsari:lorenzetti-ambrogio","viewsari:person","Lorenzetti, Ambrogio","viewsari:coreference_reconciliation_run_1"
"viewsari:lorenzi-battista-battista-del-cavaliere","viewsari:person","Lorenzi, Battista (Battista del Cavaliere)","viewsari:coreference_reconciliation_run_1"
"viewsari:lorenzo-neri-di","viewsari:person","Lorenzo, Neri di","viewsari:coreference_reconciliation_run_1"
"viewsari:lotti-lorenzetto-lorenzo","viewsari:person","Lotti, Lorenzetto (Lorenzo)","viewsari:coreference_reconciliation_run_1"
"viewsari:lotto-lorenzo","viewsari:person","Lotto, Lorenzo","viewsari:coreference_reconciliation_run_1"
"viewsari:lugano-tommaso-da","viewsari:person","Lugano, Tommaso da","viewsari:coreference_reconciliation_run_1"
"viewsari:luigi-andrea-l-ingegno","viewsari:person","Luigi, Andrea (L' Ingegno)","viewsari:coreference_reconciliation_run_1"
"viewsari:lunetti-tommaso-di-stefano","viewsari:person","Lunetti, Tommaso di Stefano","viewsari:coreference_reconciliation_run_1"
"viewsari:maiano-benedetto-da","viewsari:person","Maiano, Benedetto da","viewsari:coreference_reconciliation_run_1"
"viewsari:maiano-giuliano-da","viewsari:person","Maiano, Giuliano da","viewsari:coreference_reconciliation_run_1"
"viewsari:mainardi-bastiano-bastiano-da-san-gimignano","viewsari:person","Mainardi, Bastiano (Bastiano da San Gimignano)","viewsari:coreference_reconciliation_run_1"
"viewsari:manno","viewsari:person","Manno","viewsari:coreference_reconciliation_run_1"
"viewsari:mantegna-andrea","viewsari:person","Mantegna, Andrea","viewsari:coreference_reconciliation_run_1"
"viewsari:mantovano-rinaldo","viewsari:person","Mantovano, Rinaldo","viewsari:coreference_reconciliation_run_1"
"viewsari:marchetti-marco-marco-da-faenza","viewsari:person","Marchetti, Marco (Marco da Faenza)","viewsari:coreference_reconciliation_run_1"
"viewsari:marchissi-antonio-di-giorgio","viewsari:person","Marchissi, Antonio di Giorgio","viewsari:coreference_reconciliation_run_1"
"viewsari:marcilla-guglielmo-da-guillaume-de-marcillac","viewsari:person","Marcilla, Guglielmo da (Guillaume de Marcillac)","viewsari:coreference_reconciliation_run_1"
"viewsari:margaritone","viewsari:person","Margaritone","viewsari:coreference_reconciliation_run_1"
"viewsari:marmita-lodovico","viewsari:person","Marmita, Lodovico","viewsari:coreference_reconciliation_run_1"
"viewsari:martino-bartolommeo-di-jacopo-di","viewsari:person","Martino, Bartolommeo di Jacopo di","viewsari:coreference_reconciliation_run_1"
"viewsari:masaccio","viewsari:person","Masaccio","viewsari:coreference_reconciliation_run_1"
"viewsari:matrice-cola-dalla-niccola-filotesio","viewsari:person","Matrice, Cola dalla (Niccola Filotesio)","viewsari:coreference_reconciliation_run_1"
"viewsari:matteo-of-lucca","viewsari:person","Matteo (of Lucca)","viewsari:coreference_reconciliation_run_1"
"viewsari:maturino","viewsari:person","Maturino","viewsari:coreference_reconciliation_run_1"
"viewsari:mazzoni-giulio","viewsari:person","Mazzoni, Giulio","viewsari:coreference_reconciliation_run_1"
"viewsari:mazzuoli-francesco-parmigiano","viewsari:person","Mazzuoli, Francesco (Parmigiano)","viewsari:coreference_reconciliation_run_1"
"viewsari:mazzuoli-girolamo","viewsari:person","Mazzuoli, Girolamo","viewsari:coreference_reconciliation_run_1"
"viewsari:melighino-jacomo-jacopo-melighini","viewsari:person","Melighino, Jacomo (Jacopo Melighini)","viewsari:coreference_reconciliation_run_1"
"viewsari:melone-altobello-da","viewsari:person","Melone, Altobello da","viewsari:coreference_reconciliation_run_1"
"viewsari:memmi-lippo","viewsari:person","Memmi, Lippo","viewsari:coreference_reconciliation_run_1"
"viewsari:memmi-simone-simone-martini-or-sanese","viewsari:person","Memmi, Simone (Simone Martini, or Sanese)","viewsari:coreference_reconciliation_run_1"
"viewsari:menighella","viewsari:person","Menighella","viewsari:coreference_reconciliation_run_1"
"viewsari:menzochi-francesco-francesco-da-forl","viewsari:person","Menzochi, Francesco (Francesco da Forlò)","viewsari:coreference_reconciliation_run_1"
"viewsari:messina-antonello-da","viewsari:person","Messina, Antonello da","viewsari:coreference_reconciliation_run_1"
"viewsari:michelozzo-michelozzi","viewsari:person","Michelozzo Michelozzi","viewsari:coreference_reconciliation_run_1"
"viewsari:milano-giovanni-da","viewsari:person","Milano, Giovanni da","viewsari:coreference_reconciliation_run_1"
"viewsari:minga-andrea-del","viewsari:person","Minga, Andrea del","viewsari:coreference_reconciliation_run_1"
"viewsari:mini-antonio","viewsari:person","Mini, Antonio","viewsari:coreference_reconciliation_run_1"
"viewsari:mino-maestro-mino-del-regno-or-del-reame","viewsari:person","Mino, Maestro (Mino del Regno, or del Reame)","viewsari:coreference_reconciliation_run_1"
"viewsari:moccio","viewsari:person","Moccio","viewsari:coreference_reconciliation_run_1"
"viewsari:modena-pellegrino-da-pellegrino-degli-aretusi-or-de-munari","viewsari:person","Modena, Pellegrino da (Pellegrino degli Aretusi, or de' Munari)","viewsari:coreference_reconciliation_run_1"
"viewsari:montelupo-baccio-da","viewsari:person","Montelupo, Baccio da","viewsari:coreference_reconciliation_run_1"
"viewsari:montelupo-raffaello-da","viewsari:person","Montelupo, Raffaello da","viewsari:coreference_reconciliation_run_1"
"viewsari:montepulciano-marco-da","viewsari:person","Montepulciano, Marco da","viewsari:coreference_reconciliation_run_1"
"viewsari:montorsoli-fra-giovanni-agnolo","viewsari:person","Montorsoli, Fra Giovanni Agnolo","viewsari:coreference_reconciliation_run_1"
"viewsari:morone-domenico","viewsari:person","Morone, Domenico","viewsari:coreference_reconciliation_run_1"
"viewsari:morone-francesco","viewsari:person","Morone, Francesco","viewsari:coreference_reconciliation_run_1"
"viewsari:mosca-simone","viewsari:person","Mosca, Simone","viewsari:coreference_reconciliation_run_1"
"viewsari:moschino-francesco","viewsari:person","Moschino, Francesco","viewsari:coreference_reconciliation_run_1"
"viewsari:naldini-battista","viewsari:person","Naldini, Battista","viewsari:coreference_reconciliation_run_1"
"viewsari:nassaro-matteo-dal","viewsari:person","Nassaro, Matteo dal","viewsari:coreference_reconciliation_run_1"
"viewsari:nola-giovanni-da","viewsari:person","Nola, Giovanni da","viewsari:coreference_reconciliation_run_1"
"viewsari:nunziata","viewsari:person","Nunziata","viewsari:coreference_reconciliation_run_1"
"viewsari:orcagna-andrea-di-cione","viewsari:person","Orcagna, Andrea di Cione","viewsari:coreference_reconciliation_run_1"
"viewsari:orcagna-bernardo-di-cione","viewsari:person","Orcagna, Bernardo di Cione","viewsari:coreference_reconciliation_run_1"
"viewsari:orcagna-jacopo-di-cione","viewsari:person","Orcagna, Jacopo di Cione","viewsari:coreference_reconciliation_run_1"
"viewsari:orsino","viewsari:person","Orsino","viewsari:coreference_reconciliation_run_1"
"viewsari:padova-vellano-da","viewsari:person","Padova, Vellano da","viewsari:coreference_reconciliation_run_1"
"viewsari:pagani-lattanzio","viewsari:person","Pagani, Lattanzio","viewsari:coreference_reconciliation_run_1"
"viewsari:palladio-andrea","viewsari:person","Palladio, Andrea","viewsari:coreference_reconciliation_run_1"
"viewsari:palma-jacopo-palma-vecchio","viewsari:person","Palma, Jacopo (Palma Vecchio)","viewsari:coreference_reconciliation_run_1"
"viewsari:panicale-masolino-da","viewsari:person","Panicale, Masolino da","viewsari:coreference_reconciliation_run_1"
"viewsari:parrhasius","viewsari:person","Parrhasius","viewsari:coreference_reconciliation_run_1"
"viewsari:partigiani-pagno-di-lapo","viewsari:person","Partigiani, Pagno di Lapo","viewsari:coreference_reconciliation_run_1"
"viewsari:pecori-domenico","viewsari:person","Pecori, Domenico","viewsari:coreference_reconciliation_run_1"
"viewsari:pellegrini-pellegrino-pellegrino-da-bologna-or-tibaldi","viewsari:person","Pellegrini, Pellegrino (Pellegrino da Bologna, or Tibaldi)","viewsari:coreference_reconciliation_run_1"
"viewsari:perugino-pietro-pietro-vannucci-or-pietro-da-castel-della-pieve","viewsari:person","Perugino, Pietro (Pietro Vannucci, or Pietro da Castel della Pieve)","viewsari:coreference_reconciliation_run_1"
"viewsari:peruzzi-baldassarre-baldassarre-da-siena","viewsari:person","Peruzzi, Baldassarre (Baldassarre da Siena)","viewsari:coreference_reconciliation_run_1"
"viewsari:pesello","viewsari:person","Pesello","viewsari:coreference_reconciliation_run_1"
"viewsari:piloto","viewsari:person","Piloto","viewsari:coreference_reconciliation_run_1"
"viewsari:pintelli-baccio","viewsari:person","Pintelli, Baccio","viewsari:coreference_reconciliation_run_1"
"viewsari:pinturicchio-bernardino","viewsari:person","Pinturicchio, Bernardino","viewsari:coreference_reconciliation_run_1"
"viewsari:piombo-fra-sebastiano-viniziano-del-sebastiano-luciani","viewsari:person","Piombo, Fra Sebastiano Viniziano del (Sebastiano Luciani)","viewsari:coreference_reconciliation_run_1"
"viewsari:pisanello-vittore-or-antonio","viewsari:person","Pisanello, Vittore or Antonio","viewsari:coreference_reconciliation_run_1"
"viewsari:pisano-andrea","viewsari:person","Pisano, Andrea","viewsari:coreference_reconciliation_run_1"
"viewsari:pisano-giovanni","viewsari:person","Pisano, Giovanni","viewsari:coreference_reconciliation_run_1"
"viewsari:pisano-niccola","viewsari:person","Pisano, Niccola","viewsari:coreference_reconciliation_run_1"
"viewsari:pisano-nino","viewsari:person","Pisano, Nino","viewsari:coreference_reconciliation_run_1"
"viewsari:pisano-tommaso","viewsari:person","Pisano, Tommaso","viewsari:coreference_reconciliation_run_1"
"viewsari:pistoia-il-leonardo","viewsari:person","Pistoia, Il (Leonardo)","viewsari:coreference_reconciliation_run_1"
"viewsari:pistoiese-fra-paolo","viewsari:person","Pistoiese, Fra Paolo","viewsari:coreference_reconciliation_run_1"
"viewsari:poggini-domenico","viewsari:person","Poggini, Domenico","viewsari:coreference_reconciliation_run_1"
"viewsari:pollaiuolo-antonio","viewsari:person","Pollaiuolo, Antonio","viewsari:coreference_reconciliation_run_1"
"viewsari:pollaiuolo-piero","viewsari:person","Pollaiuolo, Piero","viewsari:coreference_reconciliation_run_1"
"viewsari:polycletus","viewsari:person","Polycletus","viewsari:coreference_reconciliation_run_1"
"viewsari:ponte-giovanni-dal-giovanni-da-santo-stefano-a-ponte","viewsari:person","Ponte, Giovanni dal (Giovanni da Santo Stefano a Ponte)","viewsari:coreference_reconciliation_run_1"
"viewsari:pontormo-jacopo-da-jacopo-carrucci","viewsari:person","Pontormo, Jacopo da (Jacopo Carrucci)","viewsari:coreference_reconciliation_run_1"
"viewsari:porri-daniello-daniello-da-parma","viewsari:person","Porri, Daniello (Daniello da Parma)","viewsari:coreference_reconciliation_run_1"
"viewsari:porta-fra-guglielmo-della-guglielmo-milanese","viewsari:person","Porta, Fra Guglielmo della (Guglielmo Milanese)","viewsari:coreference_reconciliation_run_1"
"viewsari:prato-francesco-di-girolamo-dal","viewsari:person","Prato, Francesco di Girolamo dal","viewsari:coreference_reconciliation_run_1"
"viewsari:prato-girolamo-dal","viewsari:person","Prato, Girolamo dal","viewsari:coreference_reconciliation_run_1"
"viewsari:primaticcio-francesco-description-of-works","viewsari:person","Primaticcio, Francesco, Description of Works","viewsari:coreference_reconciliation_run_1"
"viewsari:puligo-domenico","viewsari:person","Puligo, Domenico","viewsari:coreference_reconciliation_run_1"
"viewsari:quercia-jacopo-della-jacopo-della-fonte","viewsari:person","Quercia, Jacopo della (Jacopo della Fonte)","viewsari:coreference_reconciliation_run_1"
"viewsari:ravenna-rondinello-da-niccol-rondinello","viewsari:person","Ravenna, Rondinello da (Niccolò Rondinello)","viewsari:coreference_reconciliation_run_1"
"viewsari:ricciarelli-daniello-daniello-da-volterra","viewsari:person","Ricciarelli, Daniello (Daniello da Volterra)","viewsari:coreference_reconciliation_run_1"
"viewsari:ridolfi-bartolommeo","viewsari:person","Ridolfi, Bartolommeo","viewsari:coreference_reconciliation_run_1"
"viewsari:robbia-agostino-della","viewsari:person","Robbia, Agostino della","viewsari:coreference_reconciliation_run_1"
"viewsari:robbia-andrea-della","viewsari:person","Robbia, Andrea della","viewsari:coreference_reconciliation_run_1"
"viewsari:robbia-girolamo-della","viewsari:person","Robbia, Girolamo della","viewsari:coreference_reconciliation_run_1"
"viewsari:robbia-luca-della","viewsari:person","Robbia, Luca della","viewsari:coreference_reconciliation_run_1"
"viewsari:robbia-luca-della-the-younger","viewsari:person","Robbia, Luca della (the younger)","viewsari:coreference_reconciliation_run_1"
"viewsari:romanino-girolamo","viewsari:person","Romanino, Girolamo","viewsari:coreference_reconciliation_run_1"
"viewsari:romano-domenico","viewsari:person","Romano, Domenico","viewsari:coreference_reconciliation_run_1"
"viewsari:romano-giulio-giulio-pippi-de-giannuzzi","viewsari:person","Romano, Giulio (Giulio Pippi de' Giannuzzi)","viewsari:coreference_reconciliation_run_1"
"viewsari:romano-paolo","viewsari:person","Romano, Paolo","viewsari:coreference_reconciliation_run_1"
"viewsari:rosa-cristofano","viewsari:person","Rosa, Cristofano","viewsari:coreference_reconciliation_run_1"
"viewsari:rosselli-cosimo","viewsari:person","Rosselli, Cosimo","viewsari:coreference_reconciliation_run_1"
"viewsari:rossellino-antonio-rossellino-dal-proconsolo","viewsari:person","Rossellino, Antonio (Rossellino dal Proconsolo)","viewsari:coreference_reconciliation_run_1"
"viewsari:rossi-vincenzio-de","viewsari:person","Rossi, Vincenzio de'","viewsari:coreference_reconciliation_run_1"
"viewsari:rosso-il-giovan-battista-de-rossi","viewsari:person","Rosso, Il (Giovan Battista de' Rossi)","viewsari:coreference_reconciliation_run_1"
"viewsari:rovezzano-benedetto-da","viewsari:person","Rovezzano, Benedetto da","viewsari:coreference_reconciliation_run_1"
"viewsari:ruspoli-ilarione","viewsari:person","Ruspoli, Ilarione","viewsari:coreference_reconciliation_run_1"
"viewsari:rustici-giovan-francesco","viewsari:person","Rustici, Giovan Francesco","viewsari:coreference_reconciliation_run_1"
"viewsari:sal-pietro-da","viewsari:person","Salò, Pietro da","viewsari:coreference_reconciliation_run_1"
"viewsari:salai","viewsari:person","Salai","viewsari:coreference_reconciliation_run_1"
"viewsari:salvi-antonio-di","viewsari:person","Salvi, Antonio di","viewsari:coreference_reconciliation_run_1"
"viewsari:salviati-francesco-francesco-de-rossi","viewsari:person","Salviati, Francesco (Francesco de' Rossi)","viewsari:coreference_reconciliation_run_1"
"viewsari:san-gallo-antonio-da-the-elder","viewsari:person","San Gallo, Antonio da (the elder)","viewsari:coreference_reconciliation_run_1"
"viewsari:san-gallo-antonio-da-the-younger","viewsari:person","San Gallo, Antonio da (the younger)","viewsari:coreference_reconciliation_run_1"
"viewsari:san-gallo-aristotile-bastiano-da","viewsari:person","San Gallo, Aristotile (Bastiano) da","viewsari:coreference_reconciliation_run_1"
"viewsari:san-gallo-francesco-da","viewsari:person","San Gallo, Francesco da","viewsari:coreference_reconciliation_run_1"
"viewsari:san-gallo-giuliano-da","viewsari:person","San Gallo, Giuliano da","viewsari:coreference_reconciliation_run_1"
"viewsari:san-gimignano-vincenzio-da-vincenzio-tamagni","viewsari:person","San Gimignano, Vincenzio da (Vincenzio Tamagni)","viewsari:coreference_reconciliation_run_1"
"viewsari:san-marco-fra-bartolommeo-di-baccio-della-porta","viewsari:person","San Marco, Fra Bartolommeo di (Baccio della Porta)","viewsari:coreference_reconciliation_run_1"
"viewsari:san-michele-gian-girolamo","viewsari:person","San Michele, Gian Girolamo","viewsari:coreference_reconciliation_run_1"
"viewsari:san-michele-matteo","viewsari:person","San Michele, Matteo","viewsari:coreference_reconciliation_run_1"
"viewsari:san-michele-michele","viewsari:person","San Michele, Michele","viewsari:coreference_reconciliation_run_1"
"viewsari:san-michele-paolo","viewsari:person","San Michele, Paolo","viewsari:coreference_reconciliation_run_1"
"viewsari:sanese-ugolino-ugolino-da-siena","viewsari:person","Sanese, Ugolino (Ugolino da Siena)","viewsari:coreference_reconciliation_run_1"
"viewsari:sansovino-jacopo-jacopo-tatti","viewsari:person","Sansovino, Jacopo (Jacopo Tatti)","viewsari:coreference_reconciliation_run_1"
"viewsari:sant-agnolo-francesco","viewsari:person","Sant' Agnolo, Francesco","viewsari:coreference_reconciliation_run_1"
"viewsari:santa-croce-girolamo","viewsari:person","Santa Croce, Girolamo","viewsari:coreference_reconciliation_run_1"
"viewsari:santi-giovanni-de","viewsari:person","Santi, Giovanni de'","viewsari:coreference_reconciliation_run_1"
"viewsari:sanzio-raffaello-raffaello-da-urbino","viewsari:person","Sanzio, Raffaello (Raffaello da Urbino)","viewsari:coreference_reconciliation_run_1"
"viewsari:sarto-andrea-del-andrea-d-agnolo","viewsari:person","Sarto, Andrea del (Andrea d' Agnolo)","viewsari:coreference_reconciliation_run_1"
"viewsari:schiavone-andrea","viewsari:person","Schiavone, Andrea","viewsari:coreference_reconciliation_run_1"
"viewsari:schongauer-martin-martino","viewsari:person","Schongauer, Martin (Martino)","viewsari:coreference_reconciliation_run_1"
"viewsari:serlio-sebastiano","viewsari:person","Serlio, Sebastiano","viewsari:coreference_reconciliation_run_1"
"viewsari:settignano-desiderio-da","viewsari:person","Settignano, Desiderio da","viewsari:coreference_reconciliation_run_1"
"viewsari:settignano-solosmeo-da-antonio-di-giovanni","viewsari:person","Settignano, Solosmeo da (Antonio di Giovanni)","viewsari:coreference_reconciliation_run_1"
"viewsari:sguazzella-andrea","viewsari:person","Sguazzella, Andrea","viewsari:coreference_reconciliation_run_1"
"viewsari:siciolante-girolamo-girolamo-da-sermoneta","viewsari:person","Siciolante, Girolamo (Girolamo da Sermoneta)","viewsari:coreference_reconciliation_run_1"
"viewsari:siena-michelagnolo-da","viewsari:person","Siena, Michelagnolo da","viewsari:coreference_reconciliation_run_1"
"viewsari:siena-pastorino-da","viewsari:person","Siena, Pastorino da","viewsari:coreference_reconciliation_run_1"
"viewsari:signorelli-luca-luca-da-cortona","viewsari:person","Signorelli, Luca (Luca da Cortona)","viewsari:coreference_reconciliation_run_1"
"viewsari:simone","viewsari:person","Simone","viewsari:coreference_reconciliation_run_1"
"viewsari:simone-brother-of-donatello","viewsari:person","Simone (brother of Donatello)","viewsari:coreference_reconciliation_run_1"
"viewsari:sogliani-giovanni-antonio","viewsari:person","Sogliani, Giovanni Antonio","viewsari:coreference_reconciliation_run_1"
"viewsari:soiaro-bernardo-bernardo-de-gatti","viewsari:person","Soiaro, Bernardo (Bernardo de' Gatti)","viewsari:coreference_reconciliation_run_1"
"viewsari:spagnuolo-alonzo-alonzo-berughetta","viewsari:person","Spagnuolo, Alonzo (Alonzo Berughetta)","viewsari:coreference_reconciliation_run_1"
"viewsari:spillo","viewsari:person","Spillo","viewsari:coreference_reconciliation_run_1"
"viewsari:spinelli-parri","viewsari:person","Spinelli, Parri","viewsari:coreference_reconciliation_run_1"
"viewsari:squarcione-jacopo","viewsari:person","Squarcione, Jacopo","viewsari:coreference_reconciliation_run_1"
"viewsari:starnina-gherardo","viewsari:person","Starnina, Gherardo","viewsari:coreference_reconciliation_run_1"
"viewsari:stefano","viewsari:person","Stefano","viewsari:coreference_reconciliation_run_1"
"viewsari:suavius-lambert-lamberto-suave-or-lambert-zutmann","viewsari:person","Suavius, Lambert (Lamberto Suave, or Lambert Zutmann)","viewsari:coreference_reconciliation_run_1"
"viewsari:tadda-francesco-del-francesco-ferrucci","viewsari:person","Tadda, Francesco del (Francesco Ferrucci)","viewsari:coreference_reconciliation_run_1"
"viewsari:tafi-andrea","viewsari:person","Tafi, Andrea","viewsari:coreference_reconciliation_run_1"
"viewsari:tasso-battista-del","viewsari:person","Tasso, Battista del","viewsari:coreference_reconciliation_run_1"
"viewsari:tasso-domenico-del","viewsari:person","Tasso, Domenico del","viewsari:coreference_reconciliation_run_1"
"viewsari:tedesco-jacopo-lapo","viewsari:person","Tedesco, Jacopo (Lapo)","viewsari:coreference_reconciliation_run_1"
"viewsari:tintoretto-jacopo-jacopo-robusti","viewsari:person","Tintoretto, Jacopo (Jacopo Robusti)","viewsari:coreference_reconciliation_run_1"
"viewsari:titi-santi","viewsari:person","Titi, Santi","viewsari:coreference_reconciliation_run_1"
"viewsari:topolino","viewsari:person","Topolino","viewsari:coreference_reconciliation_run_1"
"viewsari:torri-bartolommeo","viewsari:person","Torri, Bartolommeo","viewsari:coreference_reconciliation_run_1"
"viewsari:torrigiano","viewsari:person","Torrigiano","viewsari:coreference_reconciliation_run_1"
"viewsari:traini-francesco","viewsari:person","Traini, Francesco","viewsari:coreference_reconciliation_run_1"
"viewsari:trento-antonio-da-antonio-fantuzzi","viewsari:person","Trento, Antonio da (Antonio Fantuzzi)","viewsari:coreference_reconciliation_run_1"
"viewsari:trevio-bernardino-da-bernardino-zenale","viewsari:person","Trevio, Bernardino da (Bernardino Zenale)","viewsari:coreference_reconciliation_run_1"
"viewsari:treviso-girolamo-da-girolamo-trevigi","viewsari:person","Treviso, Girolamo da (Girolamo Trevigi)","viewsari:coreference_reconciliation_run_1"
"viewsari:tribolo-niccol","viewsari:person","Tribolo (Niccolò)","viewsari:coreference_reconciliation_run_1"
"viewsari:turbido-francesco-il-moro","viewsari:person","Turbido, Francesco (Il Moro)","viewsari:coreference_reconciliation_run_1"
"viewsari:ubertini-francesco-francesco-d-albertino-or-il-bacchiacca","viewsari:person","Ubertini, Francesco (Francesco d' Albertino, or Il Bacchiacca)","viewsari:coreference_reconciliation_run_1"
"viewsari:uccello-paolo","viewsari:person","Uccello, Paolo","viewsari:coreference_reconciliation_run_1"
"viewsari:udine-giovanni-da-giovanni-martini","viewsari:person","Udine, Giovanni da (Giovanni Martini)","viewsari:coreference_reconciliation_run_1"
"viewsari:udine-giovanni-da-giovanni-nanni-or-de-ricamatori","viewsari:person","Udine, Giovanni da (Giovanni Nanni, or de' Ricamatori)","viewsari:coreference_reconciliation_run_1"
"viewsari:unghero-nanni","viewsari:person","Unghero, Nanni","viewsari:coreference_reconciliation_run_1"
"viewsari:urbino-bramante-da","viewsari:person","Urbino, Bramante da","viewsari:coreference_reconciliation_run_1"
"viewsari:urbino-timoteo-da-timoteo-della-vite","viewsari:person","Urbino, Timoteo da (Timoteo della Vite)","viewsari:coreference_reconciliation_run_1"
"viewsari:vaga","viewsari:person","Vaga","viewsari:coreference_reconciliation_run_1"
"viewsari:vaga-perino-del-perino-buonaccorsi-or-de-ceri","viewsari:person","Vaga, Perino del (Perino Buonaccorsi, or de' Ceri)","viewsari:coreference_reconciliation_run_1"
"viewsari:valdambrina-francesco-di","viewsari:person","Valdambrina, Francesco di","viewsari:coreference_reconciliation_run_1"
"viewsari:vasari-giorgio","viewsari:person","Vasari, Giorgio","viewsari:coreference_reconciliation_run_1"
"viewsari:vasari-giorgio-son-of-lazzaro-vasari-the-elder","viewsari:person","Vasari, Giorgio (son of Lazzaro Vasari, the elder)","viewsari:coreference_reconciliation_run_1"
"viewsari:vasari-lazzaro-the-elder","viewsari:person","Vasari, Lazzaro (the elder)","viewsari:coreference_reconciliation_run_1"
"viewsari:vasari-lazzaro-the-younger","viewsari:person","Vasari, Lazzaro (the younger)","viewsari:coreference_reconciliation_run_1"
"viewsari:vecchietto-lorenzo","viewsari:person","Vecchietto, Lorenzo","viewsari:coreference_reconciliation_run_1"
"viewsari:vecelli-orazio","viewsari:person","Vecelli, Orazio","viewsari:coreference_reconciliation_run_1"
"viewsari:vecelli-tiziano-tiziano-da-cadore","viewsari:person","Vecelli, Tiziano (Tiziano da Cadore)","viewsari:coreference_reconciliation_run_1"
"viewsari:veltroni-stefano","viewsari:person","Veltroni, Stefano","viewsari:coreference_reconciliation_run_1"
"viewsari:ventura","viewsari:person","Ventura","viewsari:coreference_reconciliation_run_1"
"viewsari:venusti-marcello-marcello-mantovano","viewsari:person","Venusti, Marcello (Marcello Mantovano)","viewsari:coreference_reconciliation_run_1"
"viewsari:verona-fra-giovanni-da","viewsari:person","Verona, Fra Giovanni da","viewsari:coreference_reconciliation_run_1"
"viewsari:verona-sebeto-da","viewsari:person","Verona, Sebeto da","viewsari:coreference_reconciliation_run_1"
"viewsari:veronese-stefano-stefano-da-zevio","viewsari:person","Veronese, Stefano (Stefano da Zevio)","viewsari:coreference_reconciliation_run_1"
"viewsari:verrocchio-andrea","viewsari:person","Verrocchio, Andrea","viewsari:coreference_reconciliation_run_1"
"viewsari:vicentino-valerio-valerio-de-belli","viewsari:person","Vicentino, Valerio (Valerio de' Belli)","viewsari:coreference_reconciliation_run_1"
"viewsari:vico-enea","viewsari:person","Vico, Enea","viewsari:coreference_reconciliation_run_1"
"viewsari:vinci-leonardo-da","viewsari:person","Vinci, Leonardo da","viewsari:coreference_reconciliation_run_1"
"viewsari:vinci-pierino-piero-da","viewsari:person","Vinci, Pierino (Piero) da","viewsari:coreference_reconciliation_run_1"
"viewsari:viniziano-agostino-agostino-de-musi","viewsari:person","Viniziano, Agostino (Agostino de' Musi)","viewsari:coreference_reconciliation_run_1"
"viewsari:viniziano-antonio","viewsari:person","Viniziano, Antonio","viewsari:coreference_reconciliation_run_1"
"viewsari:viniziano-domenico-domenico-da-venezia","viewsari:person","Viniziano, Domenico (Domenico da Venezia)","viewsari:coreference_reconciliation_run_1"
"viewsari:viniziano-niccola","viewsari:person","Viniziano, Niccola","viewsari:coreference_reconciliation_run_1"
"viewsari:visino","viewsari:person","Visino","viewsari:coreference_reconciliation_run_1"
"viewsari:vitruvius","viewsari:person","Vitruvius","viewsari:coreference_reconciliation_run_1"
"viewsari:vittoria-alessandro","viewsari:person","Vittoria, Alessandro","viewsari:coreference_reconciliation_run_1"
"viewsari:vivarino-luigi","viewsari:person","Vivarino, Luigi","viewsari:coreference_reconciliation_run_1"
"viewsari:viviano-michelagnolo-di","viewsari:person","Viviano, Michelagnolo di","viewsari:coreference_reconciliation_run_1"
"viewsari:zevio-aldigieri-altichiero-da","viewsari:person","Zevio, Aldigieri (Altichiero) da","viewsari:coreference_reconciliation_run_1"
"viewsari:zucchero-federigo","viewsari:person","Zucchero, Federigo","viewsari:coreference_reconciliation_run_1"
"viewsari:zucchero-ottaviano","viewsari:person","Zucchero, Ottaviano","viewsari:coreference_reconciliation_run_1"
"viewsari:zucchero-taddeo","viewsari:person","Zucchero, Taddeo","viewsari:coreference_reconciliation_run_1"
