instance_id,n_distinct_pairs,n_distinct_persons,involves,involves_2,label
viewsari:cooccurrence_ban-ban_1,3,2,viewsari:bandinelli-baccio-baccio-de-brandini,viewsari:bandinelli-clemente,"Co-occurrence of Bandinelli, Baccio (Baccio de' Brandini) and Bandinelli, Clemente, Vol. 7, Para. 121"
viewsari:cooccurrence_ban-ban_1,3,2,viewsari:bandinelli-baccio-baccio-de-brandini,viewsari:bandinelli-baccio-baccio-de-brandini,"Co-occurrence of Bandinelli, Baccio (Baccio de' Brandini) and Bandinelli, Baccio (Baccio de' Brandini), Vol. 7, Para. 121"
viewsari:cooccurrence_ban-ban_1,3,2,viewsari:bandinelli-clemente,viewsari:bandinelli-clemente,"Co-occurrence of Bandinelli, Clemente and Bandinelli, Clemente, Vol. 7, Para. 121"
viewsari:cooccurrence_ban-ros_1,2,3,viewsari:bandinelli-baccio-baccio-de-brandini,viewsari:rosso-il-giovan-battista-de-rossi,"Co-occurrence of Bandinelli, Baccio (Baccio de' Brandini) and Rosso, Il (Giovan Battista de' Rossi), Vol. 6, Para. 191"
viewsari:cooccurrence_ban-ros_1,2,3,viewsari:bandinelli-baccio-baccio-de-brandini,viewsari:rossi-vincenzio-de,"Co-occurrence of Bandinelli, Baccio (Baccio de' Brandini) and Rossi, Vincenzio de', Vol. 7, Para. 120"
viewsari:cooccurrence_ban-vin_1,2,3,viewsari:bandinelli-baccio-baccio-de-brandini,viewsari:vinci-pierino-piero-da,"Co-occurrence of Bandinelli, Baccio (Baccio de' Brandini) and Vinci, Pierino (Piero) da, Vol. 7, Para. 47"
viewsari:cooccurrence_ban-vin_1,2,3,viewsari:bandinelli-baccio-baccio-de-brandini,viewsari:vinci-leonardo-da,"Co-occurrence of Bandinelli, Baccio (Baccio de' Brandini) and Vinci, Leonardo da, Vol. 7, Para. 69"
viewsari:cooccurrence_bel-viv_1,2,3,viewsari:bellini-giovanni,viewsari:vivarino-luigi,"Co-occurrence of Bellini, Giovanni and Vivarino, Luigi, Vol. 3, Para. 195"
viewsari:cooccurrence_bel-viv_1,2,3,viewsari:bellini-gentile,viewsari:vivarino-luigi,"Co-occurrence of Bellini, Gentile and Vivarino, Luigi, Vol. 3, Para. 195"
viewsari:cooccurrence_bem-boc_1,2,3,viewsari:bembi-bonifazio,viewsari:boccaccino-boccaccio,"Co-occurrence of Bembi, Bonifazio and Boccaccino, Boccaccio, Vol. 8, Para. 60"
viewsari:cooccurrence_bem-boc_1,2,3,viewsari:bembi-bonifazio,viewsari:boccaccino-camillo,"Co-occurrence of Bembi, Bonifazio and Boccaccino, Camillo, Vol. 8, Para. 60"
viewsari:cooccurrence_boc-lic_1,2,3,viewsari:boccaccino-boccaccio,viewsari:licinio-giovanni-antonio-cuticello-or-pordenone,"Co-occurrence of Boccaccino, Boccaccio and Licinio, Giovanni Antonio (Cuticello, or Pordenone), Vol. 8, Para. 60"
viewsari:cooccurrence_boc-lic_1,2,3,viewsari:boccaccino-camillo,viewsari:licinio-giovanni-antonio-cuticello-or-pordenone,"Co-occurrence of Boccaccino, Camillo and Licinio, Giovanni Antonio (Cuticello, or Pordenone), Vol. 8, Para. 60"
viewsari:cooccurrence_boc-mel_1,2,3,viewsari:boccaccino-boccaccio,viewsari:melone-altobello-da,"Co-occurrence of Boccaccino, Boccaccio and Melone, Altobello da, Vol. 8, Para. 60"
viewsari:cooccurrence_boc-mel_1,2,3,viewsari:boccaccino-camillo,viewsari:melone-altobello-da,"Co-occurrence of Boccaccino, Camillo and Melone, Altobello da, Vol. 8, Para. 60"
viewsari:cooccurrence_bru-mai_1,2,3,viewsari:brunelleschi-filippo-filippo-di-ser-brunellesco,viewsari:maiano-giuliano-da,"Co-occurrence of Brunelleschi, Filippo (Filippo di Ser Brunellesco) and Maiano, Giuliano da, Vol. 3, Para. 10"
viewsari:cooccurrence_bru-mai_1,2,3,viewsari:brunelleschi-filippo-filippo-di-ser-brunellesco,viewsari:maiano-benedetto-da,"Co-occurrence of Brunelleschi, Filippo (Filippo di Ser Brunellesco) and Maiano, Benedetto da, Vol. 4, Para. 372"
viewsari:cooccurrence_buo-fra_1,2,3,viewsari:buonarroti-michelagnolo,viewsari:franco-battista-battista-semolei,"Co-occurrence of Buonarroti, Michelagnolo and Franco, Battista (Battista Semolei), Vol. 8, Para. 130"
viewsari:cooccurrence_buo-fra_1,2,3,viewsari:buonarroti-michelagnolo,viewsari:francia-francesco,"Co-occurrence of Buonarroti, Michelagnolo and Francia, Francesco, Vol. 9, Para. 26"
viewsari:cooccurrence_buo-ghi_1,3,4,viewsari:buonarroti-michelagnolo,viewsari:ghiberti-lorenzo-lorenzo-di-bartoluccio-ghiberti-or-lorenzo-di-cione-ghiberti,"Co-occurrence of Buonarroti, Michelagnolo and Ghiberti, Lorenzo (Lorenzo di Bartoluccio Ghiberti, or Lorenzo di Cione Ghiberti), Vol. 2, Para. 140"
viewsari:cooccurrence_buo-ghi_1,3,4,viewsari:buonarroti-michelagnolo,viewsari:ghirlandajo-domenico,"Co-occurrence of Buonarroti, Michelagnolo and Ghirlandajo, Domenico, Vol. 6, Para. 102"
viewsari:cooccurrence_buo-ghi_1,3,4,viewsari:buonarroti-michelagnolo,viewsari:ghirlandajo-ridolfo,"Co-occurrence of Buonarroti, Michelagnolo and Ghirlandajo, Ridolfo, Vol. 8, Para. 1"
viewsari:cooccurrence_buo-ghi_2,2,3,viewsari:buonarroti-michelagnolo,viewsari:ghirlandajo-domenico,"Co-occurrence of Buonarroti, Michelagnolo and Ghirlandajo, Domenico, Vol. 9, Para. 4"
viewsari:cooccurrence_buo-ghi_2,2,3,viewsari:buonarroti-michelagnolo,viewsari:ghiberti-lorenzo-lorenzo-di-bartoluccio-ghiberti-or-lorenzo-di-cione-ghiberti,"Co-occurrence of Buonarroti, Michelagnolo and Ghiberti, Lorenzo (Lorenzo di Bartoluccio Ghiberti, or Lorenzo di Cione Ghiberti), Vol. 9, Para. 154"
viewsari:cooccurrence_buo-san_1,5,6,viewsari:buonarroti-michelagnolo,viewsari:san-gallo-giuliano-da,"Co-occurrence of Buonarroti, Michelagnolo and San Gallo, Giuliano da, Vol. 4, Para. 271"
viewsari:cooccurrence_buo-san_1,5,6,viewsari:buonarroti-michelagnolo,viewsari:sanzio-raffaello-raffaello-da-urbino,"Co-occurrence of Buonarroti, Michelagnolo and Sanzio, Raffaello (Raffaello da Urbino), Vol. 4, Para. 304"
viewsari:cooccurrence_buo-san_1,5,6,viewsari:buonarroti-michelagnolo,viewsari:san-gallo-antonio-da-the-younger,"Co-occurrence of Buonarroti, Michelagnolo and San Gallo, Antonio da (the younger), Vol. 6, Para. 228"
viewsari:cooccurrence_buo-san_1,5,6,viewsari:buonarroti-michelagnolo,viewsari:san-gallo-aristotile-bastiano-da,"Co-occurrence of Buonarroti, Michelagnolo and San Gallo, Aristotile (Bastiano) da, Vol. 8, Para. 1"
viewsari:cooccurrence_buo-san_1,5,6,viewsari:buonarroti-michelagnolo,viewsari:sansovino-jacopo-jacopo-tatti,"Co-occurrence of Buonarroti, Michelagnolo and Sansovino, Jacopo (Jacopo Tatti), Vol. 9, Para. 323"
viewsari:cooccurrence_buo-san_2,3,4,viewsari:buonarroti-michelagnolo,viewsari:sanzio-raffaello-raffaello-da-urbino,"Co-occurrence of Buonarroti, Michelagnolo and Sanzio, Raffaello (Raffaello da Urbino), Vol. 6, Para. 355"
viewsari:cooccurrence_buo-san_2,3,4,viewsari:buonarroti-michelagnolo,viewsari:san-gallo-antonio-da-the-younger,"Co-occurrence of Buonarroti, Michelagnolo and San Gallo, Antonio da (the younger), Vol. 8, Para. 130"
viewsari:cooccurrence_buo-san_2,3,4,viewsari:buonarroti-michelagnolo,viewsari:san-gallo-giuliano-da,"Co-occurrence of Buonarroti, Michelagnolo and San Gallo, Giuliano da, Vol. 9, Para. 30"
viewsari:cooccurrence_buo-san_3,2,3,viewsari:buonarroti-michelagnolo,viewsari:sanzio-raffaello-raffaello-da-urbino,"Co-occurrence of Buonarroti, Michelagnolo and Sanzio, Raffaello (Raffaello da Urbino), Vol. 9, Para. 28"
viewsari:cooccurrence_buo-san_3,2,3,viewsari:buonarroti-michelagnolo,viewsari:san-gallo-antonio-da-the-younger,"Co-occurrence of Buonarroti, Michelagnolo and San Gallo, Antonio da (the younger), Vol. 9, Para. 74"
viewsari:cooccurrence_cal-vec_1,2,3,viewsari:caliari-paolo-paolo-veronese,viewsari:vecelli-orazio,"Co-occurrence of Caliari, Paolo (Paolo Veronese) and Vecelli, Orazio, Vol. 8, Para. 149"
viewsari:cooccurrence_cal-vec_1,2,3,viewsari:caliari-paolo-paolo-veronese,viewsari:vecelli-tiziano-tiziano-da-cadore,"Co-occurrence of Caliari, Paolo (Paolo Veronese) and Vecelli, Tiziano (Tiziano da Cadore), Vol. 8, Para. 149"
viewsari:cooccurrence_car-vec_1,2,3,viewsari:caraglio-giovanni-jacopo,viewsari:vecelli-tiziano-tiziano-da-cadore,"Co-occurrence of Caraglio, Giovanni Jacopo and Vecelli, Tiziano (Tiziano da Cadore), Vol. 6, Para. 188"
viewsari:cooccurrence_car-vec_1,2,3,viewsari:carpi-girolamo-da-girolamo-da-ferrara,viewsari:vecelli-tiziano-tiziano-da-cadore,"Co-occurrence of Carpi, Girolamo da (Girolamo da Ferrara) and Vecelli, Tiziano (Tiziano da Cadore), Vol. 8, Para. 43"
viewsari:cooccurrence_cas-vin_1,2,4,viewsari:castagno-andrea-dal-andrea-degli-impiccati,viewsari:viniziano-domenico-domenico-da-venezia,"Co-occurrence of Castagno, Andrea dal (Andrea degli Impiccati) and Viniziano, Domenico (Domenico da Venezia), Vol. 3, Para. 116"
viewsari:cooccurrence_cas-vin_1,2,4,viewsari:castelfranco-giorgione-da,viewsari:vinci-leonardo-da,"Co-occurrence of Castelfranco, Giorgione da and Vinci, Leonardo da, Vol. 4, Para. 139"
viewsari:cooccurrence_col-ghi_1,2,3,viewsari:colle-simone-da-simone-de-bronzi,viewsari:ghiberti-bartoluccio,"Co-occurrence of Colle, Simone da (Simone de' Bronzi) and Ghiberti, Bartoluccio, Vol. 2, Para. 123"
viewsari:cooccurrence_col-ghi_1,2,3,viewsari:colle-simone-da-simone-de-bronzi,viewsari:ghiberti-lorenzo-lorenzo-di-bartoluccio-ghiberti-or-lorenzo-di-cione-ghiberti,"Co-occurrence of Colle, Simone da (Simone de' Bronzi) and Ghiberti, Lorenzo (Lorenzo di Bartoluccio Ghiberti, or Lorenzo di Cione Ghiberti), Vol. 2, Para. 180"
viewsari:cooccurrence_con-mon_1,2,3,viewsari:contucci-andrea-andrea-sansovino,viewsari:montelupo-baccio-da,"Co-occurrence of Contucci, Andrea (Andrea Sansovino) and Montelupo, Baccio da, Vol. 5, Para. 53"
viewsari:cooccurrence_con-mon_1,2,3,viewsari:contucci-andrea-andrea-sansovino,viewsari:montelupo-raffaello-da,"Co-occurrence of Contucci, Andrea (Andrea Sansovino) and Montelupo, Raffaello da, Vol. 5, Para. 53"
viewsari:cooccurrence_cos-ros_1,3,4,viewsari:cosimo-andrea-di-andrea-di-cosimo-feltrini,viewsari:rosselli-cosimo,"Co-occurrence of Cosimo, Andrea di (Andrea di Cosimo Feltrini) and Rosselli, Cosimo, Vol. 3, Para. 216"
viewsari:cooccurrence_cos-ros_1,3,4,viewsari:cosimo-piero-di,viewsari:rosselli-cosimo,"Co-occurrence of Cosimo, Piero di and Rosselli, Cosimo, Vol. 4, Para. 159"
viewsari:cooccurrence_cos-ros_1,3,4,viewsari:cosimo-andrea-di-andrea-di-cosimo-feltrini,viewsari:rosso-il-giovan-battista-de-rossi,"Co-occurrence of Cosimo, Andrea di (Andrea di Cosimo Feltrini) and Rosso, Il (Giovan Battista de' Rossi), Vol. 7, Para. 188"
viewsari:cooccurrence_cos-sar_1,2,3,viewsari:cosimo-piero-di,viewsari:sarto-andrea-del-andrea-d-agnolo,"Co-occurrence of Cosimo, Piero di and Sarto, Andrea del (Andrea d' Agnolo), Vol. 5, Para. 116"
viewsari:cooccurrence_cos-sar_1,2,3,viewsari:cosimo-andrea-di-andrea-di-cosimo-feltrini,viewsari:sarto-andrea-del-andrea-d-agnolo,"Co-occurrence of Cosimo, Andrea di (Andrea di Cosimo Feltrini) and Sarto, Andrea del (Andrea d' Agnolo), Vol. 7, Para. 189"
viewsari:cooccurrence_dia-lip_1,2,3,viewsari:diamante-fra,viewsari:lippi-filippo-filippino,"Co-occurrence of Diamante, Fra and Lippi, Filippo (Filippino), Vol. 3, Para. 96"
viewsari:cooccurrence_dia-lip_1,2,3,viewsari:diamante-fra,viewsari:lippi-fra-filippo,"Co-occurrence of Diamante, Fra and Lippi, Fra Filippo, Vol. 3, Para. 96"
viewsari:cooccurrence_don-ghi_1,3,4,viewsari:donato-donatello,viewsari:ghiberti-bartoluccio,"Co-occurrence of Donato (Donatello) and Ghiberti, Bartoluccio, Vol. 2, Para. 123"
viewsari:cooccurrence_don-ghi_1,3,4,viewsari:donato-donatello,viewsari:ghiberti-lorenzo-lorenzo-di-bartoluccio-ghiberti-or-lorenzo-di-cione-ghiberti,"Co-occurrence of Donato (Donatello) and Ghiberti, Lorenzo (Lorenzo di Bartoluccio Ghiberti, or Lorenzo di Cione Ghiberti), Vol. 2, Para. 182"
viewsari:cooccurrence_don-ghi_1,3,4,viewsari:donato-donatello,viewsari:ghirlandajo-domenico,"Co-occurrence of Donato (Donatello) and Ghirlandajo, Domenico, Vol. 9, Para. 6"
viewsari:cooccurrence_don-mai_1,2,3,viewsari:donzello-polito-del,viewsari:maiano-benedetto-da,"Co-occurrence of Donzello, Polito del and Maiano, Benedetto da, Vol. 3, Para. 14"
viewsari:cooccurrence_don-mai_1,2,3,viewsari:donzello-polito-del,viewsari:maiano-giuliano-da,"Co-occurrence of Donzello, Polito del and Maiano, Giuliano da, Vol. 3, Para. 14"
viewsari:cooccurrence_fra-san_1,3,5,viewsari:francia-francesco,viewsari:sanzio-raffaello-raffaello-da-urbino,"Co-occurrence of Francia, Francesco and Sanzio, Raffaello (Raffaello da Urbino), Vol. 4, Para. 28"
viewsari:cooccurrence_fra-san_1,3,5,viewsari:franco-battista-battista-semolei,viewsari:san-gallo-antonio-da-the-younger,"Co-occurrence of Franco, Battista (Battista Semolei) and San Gallo, Antonio da (the younger), Vol. 8, Para. 130"
viewsari:cooccurrence_fra-san_1,3,5,viewsari:franco-battista-battista-semolei,viewsari:sansovino-jacopo-jacopo-tatti,"Co-occurrence of Franco, Battista (Battista Semolei) and Sansovino, Jacopo (Jacopo Tatti), Vol. 8, Para. 145"
viewsari:cooccurrence_gad-gad_1,3,3,viewsari:gaddi-giovanni,viewsari:gaddi-taddeo,"Co-occurrence of Gaddi, Giovanni and Gaddi, Taddeo, Vol. 1, Para. 245"
viewsari:cooccurrence_gad-gad_1,3,3,viewsari:gaddi-agnolo,viewsari:gaddi-giovanni,"Co-occurrence of Gaddi, Agnolo and Gaddi, Giovanni, Vol. 1, Para. 279"
viewsari:cooccurrence_gad-gad_1,3,3,viewsari:gaddi-agnolo,viewsari:gaddi-taddeo,"Co-occurrence of Gaddi, Agnolo and Gaddi, Taddeo, Vol. 1, Para. 280"
viewsari:cooccurrence_gad-gio_1,2,3,viewsari:gaddi-gaddo,viewsari:giotto,"Co-occurrence of Gaddi, Gaddo and Giotto, Vol. 1, Para. 229"
viewsari:cooccurrence_gad-gio_1,2,3,viewsari:gaddi-taddeo,viewsari:giotto,"Co-occurrence of Gaddi, Taddeo and Giotto, Vol. 1, Para. 246"
viewsari:cooccurrence_ghi-ghi_1,8,9,viewsari:ghiberti-bartoluccio,viewsari:ghiberti-lorenzo-lorenzo-di-bartoluccio-ghiberti-or-lorenzo-di-cione-ghiberti,"Co-occurrence of Ghiberti, Bartoluccio and Ghiberti, Lorenzo (Lorenzo di Bartoluccio Ghiberti, or Lorenzo di Cione Ghiberti), Vol. 2, Para. 119"
viewsari:cooccurrence_ghi-ghi_1,8,9,viewsari:ghiberti-bonaccorso,viewsari:ghiberti-lorenzo-lorenzo-di-bartoluccio-ghiberti-or-lorenzo-di-cione-ghiberti,"Co-occurrence of Ghiberti, Bonaccorso and Ghiberti, Lorenzo (Lorenzo di Bartoluccio Ghiberti, or Lorenzo di Cione Ghiberti), Vol. 2, Para. 143"
viewsari:cooccurrence_ghi-ghi_1,8,9,viewsari:ghiberti-lorenzo-lorenzo-di-bartoluccio-ghiberti-or-lorenzo-di-cione-ghiberti,viewsari:ghiberti-vittorio,"Co-occurrence of Ghiberti, Lorenzo (Lorenzo di Bartoluccio Ghiberti, or Lorenzo di Cione Ghiberti) and Ghiberti, Vittorio, Vol. 2, Para. 147"
viewsari:cooccurrence_ghi-ghi_1,8,9,viewsari:ghirlandajo-david,viewsari:ghirlandajo-domenico,"Co-occurrence of Ghirlandajo, David and Ghirlandajo, Domenico, Vol. 3, Para. 262"
viewsari:cooccurrence_ghi-ghi_1,8,9,viewsari:ghirlandajo-benedetto,viewsari:ghirlandajo-domenico,"Co-occurrence of Ghirlandajo, Benedetto and Ghirlandajo, Domenico, Vol. 8, Para. 95"
viewsari:cooccurrence_ghi-ghi_1,8,9,viewsari:ghirlandajo-benedetto,viewsari:ghirlandajo-david,"Co-occurrence of Ghirlandajo, Benedetto and Ghirlandajo, David, Vol. 8, Para. 95"
viewsari:cooccurrence_ghi-ghi_1,8,9,viewsari:ghirlandajo-domenico,viewsari:ghirlandajo-ridolfo,"Co-occurrence of Ghirlandajo, Domenico and Ghirlandajo, Ridolfo, Vol. 8, Para. 101"
viewsari:cooccurrence_ghi-ghi_1,8,9,viewsari:ghirlandajo-michele-di-ridolfo,viewsari:ghirlandajo-ridolfo,"Co-occurrence of Ghirlandajo, Michele di Ridolfo and Ghirlandajo, Ridolfo, Vol. 8, Para. 110"
viewsari:cooccurrence_ghi-pol_1,3,5,viewsari:ghiberti-bonaccorso,viewsari:polycletus,"Co-occurrence of Ghiberti, Bonaccorso and Polycletus, Vol. 2, Para. 143"
viewsari:cooccurrence_ghi-pol_1,3,5,viewsari:ghiberti-lorenzo-lorenzo-di-bartoluccio-ghiberti-or-lorenzo-di-cione-ghiberti,viewsari:polycletus,"Co-occurrence of Ghiberti, Lorenzo (Lorenzo di Bartoluccio Ghiberti, or Lorenzo di Cione Ghiberti) and Polycletus, Vol. 2, Para. 143"
viewsari:cooccurrence_ghi-pol_1,3,5,viewsari:ghiberti-bartoluccio,viewsari:pollaiuolo-antonio,"Co-occurrence of Ghiberti, Bartoluccio and Pollaiuolo, Antonio, Vol. 3, Para. 268"
viewsari:cooccurrence_ghi-san_1,2,3,viewsari:ghirlandajo-ridolfo,viewsari:sanzio-raffaello-raffaello-da-urbino,"Co-occurrence of Ghirlandajo, Ridolfo and Sanzio, Raffaello (Raffaello da Urbino), Vol. 4, Para. 295"
viewsari:cooccurrence_ghi-san_1,2,3,viewsari:ghirlandajo-ridolfo,viewsari:san-gallo-aristotile-bastiano-da,"Co-occurrence of Ghirlandajo, Ridolfo and San Gallo, Aristotile (Bastiano) da, Vol. 8, Para. 1"
viewsari:cooccurrence_gio-san_1,5,7,viewsari:giotto,viewsari:sanese-ugolino-ugolino-da-siena,"Co-occurrence of Giotto and Sanese, Ugolino (Ugolino da Siena), Vol. 1, Para. 154"
viewsari:cooccurrence_gio-san_1,5,7,viewsari:giocondo-fra,viewsari:sanzio-raffaello-raffaello-da-urbino,"Co-occurrence of Giocondo, Fra and Sanzio, Raffaello (Raffaello da Urbino), Vol. 6, Para. 9"
viewsari:cooccurrence_gio-san_1,5,7,viewsari:giocondo-fra,viewsari:san-gallo-giuliano-da,"Co-occurrence of Giocondo, Fra and San Gallo, Giuliano da, Vol. 6, Para. 9"
viewsari:cooccurrence_gio-san_1,5,7,viewsari:giocondo-fra,viewsari:san-gallo-antonio-da-the-younger,"Co-occurrence of Giocondo, Fra and San Gallo, Antonio da (the younger), Vol. 6, Para. 211"
viewsari:cooccurrence_gio-san_1,5,7,viewsari:giovanni-the-fleming,viewsari:sanzio-raffaello-raffaello-da-urbino,"Co-occurrence of Giovanni (the Fleming) and Sanzio, Raffaello (Raffaello da Urbino), Vol. 8, Para. 116"
viewsari:cooccurrence_lip-lip_1,2,2,viewsari:lippi-filippo-filippino,viewsari:lippi-filippo-filippino,"Co-occurrence of Lippi, Filippo (Filippino) and Lippi, Filippo (Filippino), Vol. 3, Para. 98"
viewsari:cooccurrence_lip-lip_1,2,2,viewsari:lippi-filippo-filippino,viewsari:lippi-fra-filippo,"Co-occurrence of Lippi, Filippo (Filippino) and Lippi, Fra Filippo, Vol. 3, Para. 98"
viewsari:cooccurrence_lip-mas_1,2,3,viewsari:lippi-filippo-filippino,viewsari:masaccio,"Co-occurrence of Lippi, Filippo (Filippino) and Masaccio, Vol. 4, Para. 2"
viewsari:cooccurrence_lip-mas_1,2,3,viewsari:lippi-fra-filippo,viewsari:masaccio,"Co-occurrence of Lippi, Fra Filippo and Masaccio, Vol. 4, Para. 2"
viewsari:cooccurrence_mar-san_1,2,3,viewsari:marchissi-antonio-di-giorgio,viewsari:san-gallo-giuliano-da,"Co-occurrence of Marchissi, Antonio di Giorgio and San Gallo, Giuliano da, Vol. 6, Para. 211"
viewsari:cooccurrence_mar-san_1,2,3,viewsari:marchissi-antonio-di-giorgio,viewsari:sanzio-raffaello-raffaello-da-urbino,"Co-occurrence of Marchissi, Antonio di Giorgio and Sanzio, Raffaello (Raffaello da Urbino), Vol. 6, Para. 211"
viewsari:cooccurrence_maz-rom_1,2,3,viewsari:mazzuoli-francesco-parmigiano,viewsari:romano-giulio-giulio-pippi-de-giannuzzi,"Co-occurrence of Mazzuoli, Francesco (Parmigiano) and Romano, Giulio (Giulio Pippi de' Giannuzzi), Vol. 8, Para. 54"
viewsari:cooccurrence_maz-rom_1,2,3,viewsari:mazzuoli-girolamo,viewsari:romano-giulio-giulio-pippi-de-giannuzzi,"Co-occurrence of Mazzuoli, Girolamo and Romano, Giulio (Giulio Pippi de' Giannuzzi), Vol. 8, Para. 54"
viewsari:cooccurrence_orc-orc_1,2,3,viewsari:orcagna-andrea-di-cione,viewsari:orcagna-bernardo-di-cione,"Co-occurrence of Orcagna, Andrea di Cione and Orcagna, Bernardo di Cione, Vol. 1, Para. 250"
viewsari:cooccurrence_orc-orc_1,2,3,viewsari:orcagna-andrea-di-cione,viewsari:orcagna-jacopo-di-cione,"Co-occurrence of Orcagna, Andrea di Cione and Orcagna, Jacopo di Cione, Vol. 1, Para. 257"
viewsari:cooccurrence_pal-zuc_1,2,3,viewsari:palladio-andrea,viewsari:zucchero-federigo,"Co-occurrence of Palladio, Andrea and Zucchero, Federigo, Vol. 8, Para. 310"
viewsari:cooccurrence_pal-zuc_1,2,3,viewsari:palladio-andrea,viewsari:zucchero-taddeo,"Co-occurrence of Palladio, Andrea and Zucchero, Taddeo, Vol. 8, Para. 310"
viewsari:cooccurrence_per-san_1,5,7,viewsari:perugino-pietro-pietro-vannucci-or-pietro-da-castel-della-pieve,viewsari:sanzio-raffaello-raffaello-da-urbino,"Co-occurrence of Perugino, Pietro (Pietro Vannucci, or Pietro da Castel della Pieve) and Sanzio, Raffaello (Raffaello da Urbino), Vol. 4, Para. 283"
viewsari:cooccurrence_per-san_1,5,7,viewsari:perugino-pietro-pietro-vannucci-or-pietro-da-castel-della-pieve,viewsari:santi-giovanni-de,"Co-occurrence of Perugino, Pietro (Pietro Vannucci, or Pietro da Castel della Pieve) and Santi, Giovanni de', Vol. 4, Para. 282"
viewsari:cooccurrence_per-san_1,5,7,viewsari:peruzzi-baldassarre-baldassarre-da-siena,viewsari:san-gallo-antonio-da-the-younger,"Co-occurrence of Peruzzi, Baldassarre (Baldassarre da Siena) and San Gallo, Antonio da (the younger), Vol. 5, Para. 100"
viewsari:cooccurrence_per-san_1,5,7,viewsari:perugino-pietro-pietro-vannucci-or-pietro-da-castel-della-pieve,viewsari:san-gallo-aristotile-bastiano-da,"Co-occurrence of Perugino, Pietro (Pietro Vannucci, or Pietro da Castel della Pieve) and San Gallo, Aristotile (Bastiano) da, Vol. 8, Para. 1"
viewsari:cooccurrence_per-san_1,5,7,viewsari:perugino-pietro-pietro-vannucci-or-pietro-da-castel-della-pieve,viewsari:sansovino-jacopo-jacopo-tatti,"Co-occurrence of Perugino, Pietro (Pietro Vannucci, or Pietro da Castel della Pieve) and Sansovino, Jacopo (Jacopo Tatti), Vol. 9, Para. 286"
viewsari:cooccurrence_pis-pis_1,2,4,viewsari:pisano-giovanni,viewsari:pisano-niccola,"Co-occurrence of Pisano, Giovanni and Pisano, Niccola, Vol. 1, Para. 46"
viewsari:cooccurrence_pis-pis_1,2,4,viewsari:pisano-andrea,viewsari:pisano-tommaso,"Co-occurrence of Pisano, Andrea and Pisano, Tommaso, Vol. 1, Para. 174"
viewsari:cooccurrence_pra-sal_1,2,3,viewsari:prato-francesco-di-girolamo-dal,viewsari:salviati-francesco-francesco-de-rossi,"Co-occurrence of Prato, Francesco di Girolamo dal and Salviati, Francesco (Francesco de' Rossi), Vol. 8, Para. 241"
viewsari:cooccurrence_pra-sal_1,2,3,viewsari:prato-girolamo-dal,viewsari:salviati-francesco-francesco-de-rossi,"Co-occurrence of Prato, Girolamo dal and Salviati, Francesco (Francesco de' Rossi), Vol. 8, Para. 242"
viewsari:cooccurrence_rob-rob_1,3,4,viewsari:robbia-agostino-della,viewsari:robbia-luca-della,"Co-occurrence of Robbia, Agostino della and Robbia, Luca della, Vol. 2, Para. 101"
viewsari:cooccurrence_rob-rob_1,3,4,viewsari:robbia-girolamo-della,viewsari:robbia-luca-della,"Co-occurrence of Robbia, Girolamo della and Robbia, Luca della, Vol. 2, Para. 103"
viewsari:cooccurrence_rob-rob_1,3,4,viewsari:robbia-girolamo-della,viewsari:robbia-luca-della-the-younger,"Co-occurrence of Robbia, Girolamo della and Robbia, Luca della (the younger), Vol. 2, Para. 103"
viewsari:cooccurrence_rom-san_1,2,3,viewsari:romano-giulio-giulio-pippi-de-giannuzzi,viewsari:sanzio-raffaello-raffaello-da-urbino,"Co-occurrence of Romano, Giulio (Giulio Pippi de' Giannuzzi) and Sanzio, Raffaello (Raffaello da Urbino), Vol. 4, Para. 342"
viewsari:cooccurrence_rom-san_1,2,3,viewsari:romanino-girolamo,viewsari:sanzio-raffaello-raffaello-da-urbino,"Co-occurrence of Romanino, Girolamo and Sanzio, Raffaello (Raffaello da Urbino), Vol. 8, Para. 77"
viewsari:cooccurrence_ros-san_1,2,4,viewsari:rosselli-cosimo,viewsari:san-marco-fra-bartolommeo-di-baccio-della-porta,"Co-occurrence of Rosselli, Cosimo and San Marco, Fra Bartolommeo di (Baccio della Porta), Vol. 4, Para. 215"
viewsari:cooccurrence_ros-san_1,2,4,viewsari:rosso-il-giovan-battista-de-rossi,viewsari:sanzio-raffaello-raffaello-da-urbino,"Co-occurrence of Rosso, Il (Giovan Battista de' Rossi) and Sanzio, Raffaello (Raffaello da Urbino), Vol. 5, Para. 270"
viewsari:cooccurrence_sal-san_1,2,4,viewsari:salviati-francesco-francesco-de-rossi,viewsari:sanzio-raffaello-raffaello-da-urbino,"Co-occurrence of Salviati, Francesco (Francesco de' Rossi) and Sanzio, Raffaello (Raffaello da Urbino), Vol. 6, Para. 282"
viewsari:cooccurrence_sal-san_1,2,4,viewsari:sal-pietro-da,viewsari:sansovino-jacopo-jacopo-tatti,"Co-occurrence of Salò, Pietro da and Sansovino, Jacopo (Jacopo Tatti), Vol. 9, Para. 301"
viewsari:cooccurrence_san-san_1,12,11,viewsari:san-gallo-giuliano-da,viewsari:san-gallo-antonio-da-the-elder,"Co-occurrence of San Gallo, Giuliano da and San Gallo, Antonio da (the elder), Vol. 4, Para. 262"
viewsari:cooccurrence_san-san_1,12,11,viewsari:san-gallo-giuliano-da,viewsari:sanzio-raffaello-raffaello-da-urbino,"Co-occurrence of San Gallo, Giuliano da and Sanzio, Raffaello (Raffaello da Urbino), Vol. 4, Para. 272"
viewsari:cooccurrence_san-san_1,12,11,viewsari:santi-giovanni-de,viewsari:sanzio-raffaello-raffaello-da-urbino,"Co-occurrence of Santi, Giovanni de' and Sanzio, Raffaello (Raffaello da Urbino), Vol. 4, Para. 282"
viewsari:cooccurrence_san-san_1,12,11,viewsari:san-marco-fra-bartolommeo-di-baccio-della-porta,viewsari:sanzio-raffaello-raffaello-da-urbino,"Co-occurrence of San Marco, Fra Bartolommeo di (Baccio della Porta) and Sanzio, Raffaello (Raffaello da Urbino), Vol. 4, Para. 293"
viewsari:cooccurrence_san-san_1,12,11,viewsari:san-gimignano-vincenzio-da-vincenzio-tamagni,viewsari:sanzio-raffaello-raffaello-da-urbino,"Co-occurrence of San Gimignano, Vincenzio da (Vincenzio Tamagni) and Sanzio, Raffaello (Raffaello da Urbino), Vol. 5, Para. 12"
viewsari:cooccurrence_san-san_1,12,11,viewsari:san-gallo-antonio-da-the-younger,viewsari:san-gallo-giuliano-da,"Co-occurrence of San Gallo, Antonio da (the younger) and San Gallo, Giuliano da, Vol. 6, Para. 208"
viewsari:cooccurrence_san-san_1,12,11,viewsari:san-gallo-antonio-da-the-younger,viewsari:sanzio-raffaello-raffaello-da-urbino,"Co-occurrence of San Gallo, Antonio da (the younger) and Sanzio, Raffaello (Raffaello da Urbino), Vol. 6, Para. 211"
viewsari:cooccurrence_san-san_1,12,11,viewsari:san-gallo-antonio-da-the-younger,viewsari:sansovino-jacopo-jacopo-tatti,"Co-occurrence of San Gallo, Antonio da (the younger) and Sansovino, Jacopo (Jacopo Tatti), Vol. 6, Para. 213"
viewsari:cooccurrence_san-san_1,12,11,viewsari:san-michele-matteo,viewsari:san-michele-michele,"Co-occurrence of San Michele, Matteo and San Michele, Michele, Vol. 7, Para. 294"
viewsari:cooccurrence_san-san_1,12,11,viewsari:san-gallo-aristotile-bastiano-da,viewsari:sanzio-raffaello-raffaello-da-urbino,"Co-occurrence of San Gallo, Aristotile (Bastiano) da and Sanzio, Raffaello (Raffaello da Urbino), Vol. 8, Para. 5"
viewsari:cooccurrence_san-san_1,12,11,viewsari:san-gallo-antonio-da-the-younger,viewsari:san-gallo-aristotile-bastiano-da,"Co-occurrence of San Gallo, Antonio da (the younger) and San Gallo, Aristotile (Bastiano) da, Vol. 8, Para. 13"
viewsari:cooccurrence_san-san_1,12,11,viewsari:sansovino-jacopo-jacopo-tatti,viewsari:sanzio-raffaello-raffaello-da-urbino,"Co-occurrence of Sansovino, Jacopo (Jacopo Tatti) and Sanzio, Raffaello (Raffaello da Urbino), Vol. 9, Para. 285"
viewsari:cooccurrence_san-san_2,3,4,viewsari:san-gallo-antonio-da-the-elder,viewsari:san-gallo-giuliano-da,"Co-occurrence of San Gallo, Antonio da (the elder) and San Gallo, Giuliano da, Vol. 4, Para. 263"
viewsari:cooccurrence_san-san_2,3,4,viewsari:san-gallo-giuliano-da,viewsari:sanzio-raffaello-raffaello-da-urbino,"Co-occurrence of San Gallo, Giuliano da and Sanzio, Raffaello (Raffaello da Urbino), Vol. 6, Para. 9"
viewsari:cooccurrence_san-san_2,3,4,viewsari:san-gallo-antonio-da-the-younger,viewsari:san-gallo-giuliano-da,"Co-occurrence of San Gallo, Antonio da (the younger) and San Gallo, Giuliano da, Vol. 6, Para. 211"
viewsari:cooccurrence_san-sar_1,2,3,viewsari:sanzio-raffaello-raffaello-da-urbino,viewsari:sarto-andrea-del-andrea-d-agnolo,"Co-occurrence of Sanzio, Raffaello (Raffaello da Urbino) and Sarto, Andrea del (Andrea d' Agnolo), Vol. 5, Para. 156"
viewsari:cooccurrence_san-sar_1,2,3,viewsari:san-gallo-aristotile-bastiano-da,viewsari:sarto-andrea-del-andrea-d-agnolo,"Co-occurrence of San Gallo, Aristotile (Bastiano) da and Sarto, Andrea del (Andrea d' Agnolo), Vol. 8, Para. 6"
viewsari:cooccurrence_san-tri_1,2,3,viewsari:sansovino-jacopo-jacopo-tatti,viewsari:tribolo-niccol,"Co-occurrence of Sansovino, Jacopo (Jacopo Tatti) and Tribolo (Niccolò), Vol. 7, Para. 3"
viewsari:cooccurrence_san-tri_1,2,3,viewsari:san-gallo-aristotile-bastiano-da,viewsari:tribolo-niccol,"Co-occurrence of San Gallo, Aristotile (Bastiano) da and Tribolo (Niccolò), Vol. 7, Para. 36"
viewsari:cooccurrence_san-urb_1,6,7,viewsari:sanzio-raffaello-raffaello-da-urbino,viewsari:urbino-bramante-da,"Co-occurrence of Sanzio, Raffaello (Raffaello da Urbino) and Urbino, Bramante da, Vol. 4, Para. 186"
viewsari:cooccurrence_san-urb_1,6,7,viewsari:san-gallo-giuliano-da,viewsari:urbino-bramante-da,"Co-occurrence of San Gallo, Giuliano da and Urbino, Bramante da, Vol. 4, Para. 274"
viewsari:cooccurrence_san-urb_1,6,7,viewsari:san-gimignano-vincenzio-da-vincenzio-tamagni,viewsari:urbino-timoteo-da-timoteo-della-vite,"Co-occurrence of San Gimignano, Vincenzio da (Vincenzio Tamagni) and Urbino, Timoteo da (Timoteo della Vite), Vol. 5, Para. 11"
viewsari:cooccurrence_san-urb_1,6,7,viewsari:sanzio-raffaello-raffaello-da-urbino,viewsari:urbino-timoteo-da-timoteo-della-vite,"Co-occurrence of Sanzio, Raffaello (Raffaello da Urbino) and Urbino, Timoteo da (Timoteo della Vite), Vol. 5, Para. 16"
viewsari:cooccurrence_san-urb_1,6,7,viewsari:san-gallo-antonio-da-the-younger,viewsari:urbino-bramante-da,"Co-occurrence of San Gallo, Antonio da (the younger) and Urbino, Bramante da, Vol. 6, Para. 208"
viewsari:cooccurrence_san-urb_1,6,7,viewsari:sansovino-jacopo-jacopo-tatti,viewsari:urbino-bramante-da,"Co-occurrence of Sansovino, Jacopo (Jacopo Tatti) and Urbino, Bramante da, Vol. 9, Para. 286"
viewsari:cooccurrence_san-urb_2,3,4,viewsari:sanzio-raffaello-raffaello-da-urbino,viewsari:urbino-bramante-da,"Co-occurrence of Sanzio, Raffaello (Raffaello da Urbino) and Urbino, Bramante da, Vol. 6, Para. 9"
viewsari:cooccurrence_san-urb_2,3,4,viewsari:san-gallo-giuliano-da,viewsari:urbino-bramante-da,"Co-occurrence of San Gallo, Giuliano da and Urbino, Bramante da, Vol. 6, Para. 9"
viewsari:cooccurrence_san-urb_2,3,4,viewsari:san-gallo-antonio-da-the-younger,viewsari:urbino-bramante-da,"Co-occurrence of San Gallo, Antonio da (the younger) and Urbino, Bramante da, Vol. 9, Para. 74"
viewsari:cooccurrence_san-vag_1,3,4,viewsari:sanzio-raffaello-raffaello-da-urbino,viewsari:vaga-perino-del-perino-buonaccorsi-or-de-ceri,"Co-occurrence of Sanzio, Raffaello (Raffaello da Urbino) and Vaga, Perino del (Perino Buonaccorsi, or de' Ceri), Vol. 6, Para. 304"
viewsari:cooccurrence_san-vag_1,3,4,viewsari:san-gallo-antonio-da-the-younger,viewsari:vaga-perino-del-perino-buonaccorsi-or-de-ceri,"Co-occurrence of San Gallo, Antonio da (the younger) and Vaga, Perino del (Perino Buonaccorsi, or de' Ceri), Vol. 6, Para. 312"
viewsari:cooccurrence_san-vag_1,3,4,viewsari:san-gallo-aristotile-bastiano-da,viewsari:vaga-perino-del-perino-buonaccorsi-or-de-ceri,"Co-occurrence of San Gallo, Aristotile (Bastiano) da and Vaga, Perino del (Perino Buonaccorsi, or de' Ceri), Vol. 8, Para. 14"
viewsari:cooccurrence_san-vin_1,2,3,viewsari:san-gallo-giuliano-da,viewsari:vinci-leonardo-da,"Co-occurrence of San Gallo, Giuliano da and Vinci, Leonardo da, Vol. 4, Para. 258"
viewsari:cooccurrence_san-vin_1,2,3,viewsari:sanzio-raffaello-raffaello-da-urbino,viewsari:vinci-leonardo-da,"Co-occurrence of Sanzio, Raffaello (Raffaello da Urbino) and Vinci, Leonardo da, Vol. 4, Para. 337"
viewsari:cooccurrence_san-zuc_1,4,5,viewsari:sant-agnolo-francesco,viewsari:zucchero-ottaviano,"Co-occurrence of Sant' Agnolo, Francesco and Zucchero, Ottaviano, Vol. 8, Para. 265"
viewsari:cooccurrence_san-zuc_1,4,5,viewsari:sant-agnolo-francesco,viewsari:zucchero-taddeo,"Co-occurrence of Sant' Agnolo, Francesco and Zucchero, Taddeo, Vol. 8, Para. 265"
viewsari:cooccurrence_san-zuc_1,4,5,viewsari:sanzio-raffaello-raffaello-da-urbino,viewsari:zucchero-taddeo,"Co-occurrence of Sanzio, Raffaello (Raffaello da Urbino) and Zucchero, Taddeo, Vol. 8, Para. 314"
viewsari:cooccurrence_san-zuc_1,4,5,viewsari:sanzio-raffaello-raffaello-da-urbino,viewsari:zucchero-federigo,"Co-occurrence of Sanzio, Raffaello (Raffaello da Urbino) and Zucchero, Federigo, Vol. 8, Para. 314"
viewsari:cooccurrence_sar-ros_1,2,3,viewsari:sarto-andrea-del-andrea-d-agnolo,viewsari:rosselli-cosimo,"Co-occurrence of Sarto, Andrea del (Andrea d' Agnolo) and Rosselli, Cosimo, Vol. 5, Para. 121"
viewsari:cooccurrence_sar-ros_1,2,3,viewsari:sarto-andrea-del-andrea-d-agnolo,viewsari:rosso-il-giovan-battista-de-rossi,"Co-occurrence of Sarto, Andrea del (Andrea d' Agnolo) and Rosso, Il (Giovan Battista de' Rossi), Vol. 7, Para. 188"
viewsari:cooccurrence_tin-vec_1,2,3,viewsari:tintoretto-jacopo-jacopo-robusti,viewsari:vecelli-orazio,"Co-occurrence of Tintoretto, Jacopo (Jacopo Robusti) and Vecelli, Orazio, Vol. 8, Para. 149"
viewsari:cooccurrence_tin-vec_1,2,3,viewsari:tintoretto-jacopo-jacopo-robusti,viewsari:vecelli-tiziano-tiziano-da-cadore,"Co-occurrence of Tintoretto, Jacopo (Jacopo Robusti) and Vecelli, Tiziano (Tiziano da Cadore), Vol. 8, Para. 149"
viewsari:cooccurrence_vag-vag_1,2,2,viewsari:vaga-perino-del-perino-buonaccorsi-or-de-ceri,viewsari:vaga,"Co-occurrence of Vaga, Perino del (Perino Buonaccorsi, or de' Ceri) and Vaga, Vol. 6, Para. 301"
viewsari:cooccurrence_vag-vag_1,2,2,viewsari:vaga-perino-del-perino-buonaccorsi-or-de-ceri,viewsari:vaga-perino-del-perino-buonaccorsi-or-de-ceri,"Co-occurrence of Vaga, Perino del (Perino Buonaccorsi, or de' Ceri) and Vaga, Perino del (Perino Buonaccorsi, or de' Ceri), Vol. 6, Para. 301"
viewsari:cooccurrence_vas-vas_1,2,3,viewsari:vasari-giorgio,viewsari:vasari-lazzaro-the-elder,"Co-occurrence of Vasari, Giorgio and Vasari, Lazzaro (the elder), Vol. 3, Para. 61"
viewsari:cooccurrence_vas-vas_1,2,3,viewsari:vasari-giorgio-son-of-lazzaro-vasari-the-elder,viewsari:vasari-lazzaro-the-elder,"Co-occurrence of Vasari, Giorgio (son of Lazzaro Vasari, the elder) and Vasari, Lazzaro (the elder), Vol. 3, Para. 61"
viewsari:cooccurrence_zuc-zuc_1,2,3,viewsari:zucchero-ottaviano,viewsari:zucchero-taddeo,"Co-occurrence of Zucchero, Ottaviano and Zucchero, Taddeo, Vol. 8, Para. 265"
viewsari:cooccurrence_zuc-zuc_1,2,3,viewsari:zucchero-federigo,viewsari:zucchero-taddeo,"Co-occurrence of Zucchero, Federigo and Zucchero, Taddeo, Vol. 8, Para. 297"
