instance_id,rdf:type,oa:start,oa:end
viewsari:position-selector_24828,doco:TextPositionSelector,248,265
viewsari:position-selector_24829,doco:TextPositionSelector,59,1055
viewsari:position-selector_24830,doco:TextPositionSelector,1340,1390
viewsari:position-selector_24831,doco:TextPositionSelector,1519,1567
viewsari:position-selector_24832,doco:TextPositionSelector,381,399
viewsari:position-selector_24833,doco:TextPositionSelector,55,279
viewsari:position-selector_24834,doco:TextPositionSelector,1887,1904
viewsari:position-selector_24835,doco:TextPositionSelector,389,429
viewsari:position-selector_24836,doco:TextPositionSelector,1277,1296
viewsari:position-selector_24837,doco:TextPositionSelector,99,401
viewsari:position-selector_24838,doco:TextPositionSelector,1184,1196
viewsari:position-selector_24839,doco:TextPositionSelector,1158,1211
viewsari:position-selector_24840,doco:TextPositionSelector,1892,1909
viewsari:position-selector_24841,doco:TextPositionSelector,69,118
viewsari:position-selector_24842,doco:TextPositionSelector,284,302
viewsari:position-selector_24843,doco:TextPositionSelector,0,54
viewsari:position-selector_24844,doco:TextPositionSelector,489,529
viewsari:position-selector_24845,doco:TextPositionSelector,502,529
viewsari:position-selector_24846,doco:TextPositionSelector,398,420
viewsari:position-selector_24847,doco:TextPositionSelector,878,888
viewsari:position-selector_24848,doco:TextPositionSelector,439,484
viewsari:position-selector_24849,doco:TextPositionSelector,14,115
viewsari:position-selector_24850,doco:TextPositionSelector,2107,2149
viewsari:position-selector_24851,doco:TextPositionSelector,485,495
viewsari:position-selector_24852,doco:TextPositionSelector,1807,1821
viewsari:position-selector_24853,doco:TextPositionSelector,501,516
viewsari:position-selector_24854,doco:TextPositionSelector,950,965
viewsari:position-selector_24855,doco:TextPositionSelector,744,916
viewsari:position-selector_24856,doco:TextPositionSelector,168,194
viewsari:position-selector_24857,doco:TextPositionSelector,961,981
viewsari:position-selector_24858,doco:TextPositionSelector,512,522
viewsari:position-selector_24859,doco:TextPositionSelector,512,522
viewsari:position-selector_24860,doco:TextPositionSelector,0,56
viewsari:position-selector_24861,doco:TextPositionSelector,404,424
viewsari:position-selector_24862,doco:TextPositionSelector,217,268
viewsari:position-selector_24863,doco:TextPositionSelector,18,106
viewsari:position-selector_24864,doco:TextPositionSelector,304,323
viewsari:position-selector_24865,doco:TextPositionSelector,259,269
viewsari:position-selector_24866,doco:TextPositionSelector,402,419
viewsari:position-selector_24867,doco:TextPositionSelector,402,737
viewsari:position-selector_24868,doco:TextPositionSelector,941,964
viewsari:position-selector_24869,doco:TextPositionSelector,507,521
viewsari:position-selector_24870,doco:TextPositionSelector,475,642
viewsari:position-selector_24871,doco:TextPositionSelector,577,642
viewsari:position-selector_24872,doco:TextPositionSelector,949,975
viewsari:position-selector_24873,doco:TextPositionSelector,381,401
viewsari:position-selector_24874,doco:TextPositionSelector,194,286
viewsari:position-selector_24875,doco:TextPositionSelector,432,539
viewsari:position-selector_24876,doco:TextPositionSelector,421,539
viewsari:position-selector_24877,doco:TextPositionSelector,648,877
viewsari:position-selector_24878,doco:TextPositionSelector,421,438
viewsari:position-selector_24879,doco:TextPositionSelector,746,877
viewsari:position-selector_24880,doco:TextPositionSelector,757,877
viewsari:position-selector_24881,doco:TextPositionSelector,534,544
viewsari:position-selector_24882,doco:TextPositionSelector,569,699
viewsari:position-selector_24883,doco:TextPositionSelector,6,55
viewsari:position-selector_24884,doco:TextPositionSelector,35,48
viewsari:position-selector_24885,doco:TextPositionSelector,786,797
viewsari:position-selector_24886,doco:TextPositionSelector,786,797
viewsari:position-selector_24887,doco:TextPositionSelector,56,72
viewsari:position-selector_24888,doco:TextPositionSelector,257,267
viewsari:position-selector_24889,doco:TextPositionSelector,837,1857
viewsari:position-selector_24890,doco:TextPositionSelector,837,2194
viewsari:position-selector_24891,doco:TextPositionSelector,530,673
viewsari:position-selector_24892,doco:TextPositionSelector,453,501
viewsari:position-selector_24893,doco:TextPositionSelector,502,576
viewsari:position-selector_24894,doco:TextPositionSelector,0,58
viewsari:position-selector_24895,doco:TextPositionSelector,355,730
viewsari:position-selector_24896,doco:TextPositionSelector,644,730
viewsari:position-selector_24897,doco:TextPositionSelector,171,259
viewsari:position-selector_24898,doco:TextPositionSelector,279,536
viewsari:position-selector_24899,doco:TextPositionSelector,393,412
viewsari:position-selector_24900,doco:TextPositionSelector,809,903
viewsari:position-selector_24901,doco:TextPositionSelector,16,58
viewsari:position-selector_24902,doco:TextPositionSelector,506,513
viewsari:position-selector_24903,doco:TextPositionSelector,530,699
viewsari:position-selector_24904,doco:TextPositionSelector,298,319
viewsari:position-selector_24905,doco:TextPositionSelector,658,699
viewsari:position-selector_24906,doco:TextPositionSelector,616,699
viewsari:position-selector_24907,doco:TextPositionSelector,518,699
viewsari:position-selector_24908,doco:TextPositionSelector,616,673
viewsari:position-selector_24909,doco:TextPositionSelector,518,673
viewsari:position-selector_24910,doco:TextPositionSelector,1569,1581
viewsari:position-selector_24911,doco:TextPositionSelector,16,45
viewsari:position-selector_24912,doco:TextPositionSelector,39,76
viewsari:position-selector_24913,doco:TextPositionSelector,664,682
viewsari:position-selector_24914,doco:TextPositionSelector,111,287
viewsari:position-selector_24915,doco:TextPositionSelector,982,1014
viewsari:position-selector_24916,doco:TextPositionSelector,212,292
viewsari:position-selector_24917,doco:TextPositionSelector,171,189
viewsari:position-selector_24918,doco:TextPositionSelector,817,837
viewsari:position-selector_24919,doco:TextPositionSelector,887,911
viewsari:position-selector_24920,doco:TextPositionSelector,204,256
viewsari:position-selector_24921,doco:TextPositionSelector,447,488
viewsari:position-selector_24922,doco:TextPositionSelector,204,254
viewsari:position-selector_24923,doco:TextPositionSelector,204,254
viewsari:position-selector_24924,doco:TextPositionSelector,1018,1035
viewsari:position-selector_24925,doco:TextPositionSelector,296,362
viewsari:position-selector_24926,doco:TextPositionSelector,1163,1172
viewsari:position-selector_24927,doco:TextPositionSelector,420,465
viewsari:position-selector_24928,doco:TextPositionSelector,420,465
viewsari:position-selector_24929,doco:TextPositionSelector,690,750
viewsari:position-selector_24930,doco:TextPositionSelector,690,750
viewsari:position-selector_24931,doco:TextPositionSelector,1103,1119
viewsari:position-selector_24932,doco:TextPositionSelector,465,503
viewsari:position-selector_24933,doco:TextPositionSelector,465,578
viewsari:position-selector_24934,doco:TextPositionSelector,476,578
viewsari:position-selector_24935,doco:TextPositionSelector,818,836
viewsari:position-selector_24936,doco:TextPositionSelector,853,880
viewsari:position-selector_24937,doco:TextPositionSelector,1669,1679
viewsari:position-selector_24938,doco:TextPositionSelector,1191,1589
viewsari:position-selector_24939,doco:TextPositionSelector,445,455
viewsari:position-selector_24940,doco:TextPositionSelector,941,951
viewsari:position-selector_24941,doco:TextPositionSelector,321,331
viewsari:position-selector_24942,doco:TextPositionSelector,848,954
viewsari:position-selector_24943,doco:TextPositionSelector,848,954
viewsari:position-selector_24944,doco:TextPositionSelector,848,954
viewsari:position-selector_24945,doco:TextPositionSelector,848,954
viewsari:position-selector_24946,doco:TextPositionSelector,367,407
viewsari:position-selector_24947,doco:TextPositionSelector,314,333
viewsari:position-selector_24948,doco:TextPositionSelector,533,579
viewsari:position-selector_24949,doco:TextPositionSelector,449,471
viewsari:position-selector_24950,doco:TextPositionSelector,779,824
viewsari:position-selector_24951,doco:TextPositionSelector,456,467
viewsari:position-selector_24952,doco:TextPositionSelector,629,646
viewsari:position-selector_24953,doco:TextPositionSelector,495,540
viewsari:position-selector_24954,doco:TextPositionSelector,187,204
viewsari:position-selector_24955,doco:TextPositionSelector,187,204
viewsari:position-selector_24956,doco:TextPositionSelector,843,852
viewsari:position-selector_24957,doco:TextPositionSelector,236,424
viewsari:position-selector_24958,doco:TextPositionSelector,95,207
viewsari:position-selector_24959,doco:TextPositionSelector,453,475
viewsari:position-selector_24960,doco:TextPositionSelector,904,943
viewsari:position-selector_24961,doco:TextPositionSelector,175,294
viewsari:position-selector_24962,doco:TextPositionSelector,369,401
viewsari:position-selector_24963,doco:TextPositionSelector,398,446
viewsari:position-selector_24964,doco:TextPositionSelector,439,472
viewsari:position-selector_24965,doco:TextPositionSelector,165,183
viewsari:position-selector_24966,doco:TextPositionSelector,165,183
viewsari:position-selector_24967,doco:TextPositionSelector,943,964
viewsari:position-selector_24968,doco:TextPositionSelector,720,898
viewsari:position-selector_24969,doco:TextPositionSelector,1082,1103
viewsari:position-selector_24970,doco:TextPositionSelector,453,519
viewsari:position-selector_24971,doco:TextPositionSelector,163,175
viewsari:position-selector_24972,doco:TextPositionSelector,409,429
viewsari:position-selector_24973,doco:TextPositionSelector,566,576
viewsari:position-selector_24974,doco:TextPositionSelector,163,190
viewsari:position-selector_24975,doco:TextPositionSelector,315,355
viewsari:position-selector_24976,doco:TextPositionSelector,315,376
viewsari:position-selector_24977,doco:TextPositionSelector,651,672
viewsari:position-selector_24978,doco:TextPositionSelector,166,195
viewsari:position-selector_24979,doco:TextPositionSelector,397,408
viewsari:position-selector_24980,doco:TextPositionSelector,635,681
viewsari:position-selector_24981,doco:TextPositionSelector,177,190
viewsari:position-selector_24982,doco:TextPositionSelector,78,156
viewsari:position-selector_24983,doco:TextPositionSelector,37,68
viewsari:position-selector_24984,doco:TextPositionSelector,1541,1595
viewsari:position-selector_24985,doco:TextPositionSelector,998,1016
viewsari:position-selector_24986,doco:TextPositionSelector,226,247
viewsari:position-selector_24987,doco:TextPositionSelector,126,232
viewsari:position-selector_24988,doco:TextPositionSelector,126,232
viewsari:position-selector_24989,doco:TextPositionSelector,906,936
viewsari:position-selector_24990,doco:TextPositionSelector,1183,1204
viewsari:position-selector_24991,doco:TextPositionSelector,545,577
viewsari:position-selector_24992,doco:TextPositionSelector,278,295
viewsari:position-selector_24993,doco:TextPositionSelector,42,146
viewsari:position-selector_24994,doco:TextPositionSelector,1002,1012
viewsari:position-selector_24995,doco:TextPositionSelector,516,541
viewsari:position-selector_24996,doco:TextPositionSelector,708,727
viewsari:position-selector_24997,doco:TextPositionSelector,800,810
viewsari:position-selector_24998,doco:TextPositionSelector,1402,1435
viewsari:position-selector_24999,doco:TextPositionSelector,1353,1400
viewsari:position-selector_25000,doco:TextPositionSelector,513,545
viewsari:position-selector_25001,doco:TextPositionSelector,826,1021
viewsari:position-selector_25002,doco:TextPositionSelector,826,1021
viewsari:position-selector_25003,doco:TextPositionSelector,218,257
viewsari:position-selector_25004,doco:TextPositionSelector,68,132
viewsari:position-selector_25005,doco:TextPositionSelector,603,632
viewsari:position-selector_25006,doco:TextPositionSelector,1236,1243
viewsari:position-selector_25007,doco:TextPositionSelector,1770,1777
viewsari:position-selector_25008,doco:TextPositionSelector,1367,1390
viewsari:position-selector_25009,doco:TextPositionSelector,508,534
viewsari:position-selector_25010,doco:TextPositionSelector,357,404
viewsari:position-selector_25011,doco:TextPositionSelector,920,931
viewsari:position-selector_25012,doco:TextPositionSelector,266,479
viewsari:position-selector_25013,doco:TextPositionSelector,282,308
viewsari:position-selector_25014,doco:TextPositionSelector,181,257
viewsari:position-selector_25015,doco:TextPositionSelector,723,769
viewsari:position-selector_25016,doco:TextPositionSelector,840,1167
viewsari:position-selector_25017,doco:TextPositionSelector,840,1214
viewsari:position-selector_25018,doco:TextPositionSelector,1150,1214
viewsari:position-selector_25019,doco:TextPositionSelector,926,1010
viewsari:position-selector_25020,doco:TextPositionSelector,625,866
viewsari:position-selector_25021,doco:TextPositionSelector,625,791
viewsari:position-selector_25022,doco:TextPositionSelector,1148,1174
viewsari:position-selector_25023,doco:TextPositionSelector,1131,1159
viewsari:position-selector_25024,doco:TextPositionSelector,197,244
viewsari:position-selector_25025,doco:TextPositionSelector,554,568
viewsari:position-selector_25026,doco:TextPositionSelector,2322,2345
viewsari:position-selector_25027,doco:TextPositionSelector,734,1136
viewsari:position-selector_25028,doco:TextPositionSelector,1120,1214
viewsari:position-selector_25029,doco:TextPositionSelector,774,798
viewsari:position-selector_25030,doco:TextPositionSelector,675,693
viewsari:position-selector_25031,doco:TextPositionSelector,108,168
viewsari:position-selector_25032,doco:TextPositionSelector,151,184
viewsari:position-selector_25033,doco:TextPositionSelector,545,555
viewsari:position-selector_25034,doco:TextPositionSelector,222,252
viewsari:position-selector_25035,doco:TextPositionSelector,113,123
viewsari:position-selector_25036,doco:TextPositionSelector,139,478
viewsari:position-selector_25037,doco:TextPositionSelector,462,495
viewsari:position-selector_25038,doco:TextPositionSelector,0,44
viewsari:position-selector_25039,doco:TextPositionSelector,648,688
viewsari:position-selector_25040,doco:TextPositionSelector,385,397
viewsari:position-selector_25041,doco:TextPositionSelector,477,487
viewsari:position-selector_25042,doco:TextPositionSelector,214,245
viewsari:position-selector_25043,doco:TextPositionSelector,236,249
viewsari:position-selector_25044,doco:TextPositionSelector,408,422
viewsari:position-selector_25045,doco:TextPositionSelector,1197,1247
viewsari:position-selector_25046,doco:TextPositionSelector,952,978
viewsari:position-selector_25047,doco:TextPositionSelector,263,276
viewsari:position-selector_25048,doco:TextPositionSelector,981,998
viewsari:position-selector_25049,doco:TextPositionSelector,971,998
viewsari:position-selector_25050,doco:TextPositionSelector,542,562
viewsari:position-selector_25051,doco:TextPositionSelector,611,670
viewsari:position-selector_25052,doco:TextPositionSelector,611,670
viewsari:position-selector_25053,doco:TextPositionSelector,1113,1243
viewsari:position-selector_25054,doco:TextPositionSelector,1113,1243
viewsari:position-selector_25055,doco:TextPositionSelector,778,834
viewsari:position-selector_25056,doco:TextPositionSelector,592,617
viewsari:position-selector_25057,doco:TextPositionSelector,476,493
viewsari:position-selector_25058,doco:TextPositionSelector,1542,1604
viewsari:position-selector_25059,doco:TextPositionSelector,91,156
viewsari:position-selector_25060,doco:TextPositionSelector,403,413
viewsari:position-selector_25061,doco:TextPositionSelector,497,524
viewsari:position-selector_25062,doco:TextPositionSelector,514,566
viewsari:position-selector_25063,doco:TextPositionSelector,1344,1353
viewsari:position-selector_25064,doco:TextPositionSelector,621,639
viewsari:position-selector_25065,doco:TextPositionSelector,826,854
viewsari:position-selector_25066,doco:TextPositionSelector,509,557
viewsari:position-selector_25067,doco:TextPositionSelector,76,95
viewsari:position-selector_25068,doco:TextPositionSelector,93,114
viewsari:position-selector_25069,doco:TextPositionSelector,386,399
viewsari:position-selector_25070,doco:TextPositionSelector,1182,1699
viewsari:position-selector_25071,doco:TextPositionSelector,885,910
viewsari:position-selector_25072,doco:TextPositionSelector,719,937
viewsari:position-selector_25073,doco:TextPositionSelector,137,151
viewsari:position-selector_25074,doco:TextPositionSelector,178,267
viewsari:position-selector_25075,doco:TextPositionSelector,232,257
viewsari:position-selector_25076,doco:TextPositionSelector,167,209
viewsari:position-selector_25077,doco:TextPositionSelector,466,492
viewsari:position-selector_25078,doco:TextPositionSelector,46,58
viewsari:position-selector_25079,doco:TextPositionSelector,46,106
viewsari:position-selector_25080,doco:TextPositionSelector,46,132
viewsari:position-selector_25081,doco:TextPositionSelector,417,440
viewsari:position-selector_25082,doco:TextPositionSelector,417,454
viewsari:position-selector_25083,doco:TextPositionSelector,431,454
viewsari:position-selector_25084,doco:TextPositionSelector,931,958
viewsari:position-selector_25085,doco:TextPositionSelector,700,710
viewsari:position-selector_25086,doco:TextPositionSelector,820,839
viewsari:position-selector_25087,doco:TextPositionSelector,796,839
viewsari:position-selector_25088,doco:TextPositionSelector,163,225
viewsari:position-selector_25089,doco:TextPositionSelector,163,206
viewsari:position-selector_25090,doco:TextPositionSelector,191,225
viewsari:position-selector_25091,doco:TextPositionSelector,943,955
viewsari:position-selector_25092,doco:TextPositionSelector,141,966
viewsari:position-selector_25093,doco:TextPositionSelector,242,252
viewsari:position-selector_25094,doco:TextPositionSelector,325,332
viewsari:position-selector_25095,doco:TextPositionSelector,391,411
viewsari:position-selector_25096,doco:TextPositionSelector,671,805
viewsari:position-selector_25097,doco:TextPositionSelector,846,889
viewsari:position-selector_25098,doco:TextPositionSelector,74,195
viewsari:position-selector_25099,doco:TextPositionSelector,819,834
viewsari:position-selector_25100,doco:TextPositionSelector,575,701
viewsari:position-selector_25101,doco:TextPositionSelector,13,25
viewsari:position-selector_25102,doco:TextPositionSelector,13,25
viewsari:position-selector_25103,doco:TextPositionSelector,601,620
viewsari:position-selector_25104,doco:TextPositionSelector,867,1069
viewsari:position-selector_25105,doco:TextPositionSelector,1172,1190
viewsari:position-selector_25106,doco:TextPositionSelector,682,692
viewsari:position-selector_25107,doco:TextPositionSelector,272,297
viewsari:position-selector_25108,doco:TextPositionSelector,684,742
viewsari:position-selector_25109,doco:TextPositionSelector,804,840
viewsari:position-selector_25110,doco:TextPositionSelector,71,133
viewsari:position-selector_25111,doco:TextPositionSelector,311,397
viewsari:position-selector_25112,doco:TextPositionSelector,11,111
viewsari:position-selector_25113,doco:TextPositionSelector,120,676
viewsari:position-selector_25114,doco:TextPositionSelector,649,707
viewsari:position-selector_25115,doco:TextPositionSelector,0,32
viewsari:position-selector_25116,doco:TextPositionSelector,580,615
viewsari:position-selector_25117,doco:TextPositionSelector,0,142
viewsari:position-selector_25118,doco:TextPositionSelector,217,272
viewsari:position-selector_25119,doco:TextPositionSelector,200,402
viewsari:position-selector_25120,doco:TextPositionSelector,200,632
viewsari:position-selector_25121,doco:TextPositionSelector,200,368
viewsari:position-selector_25122,doco:TextPositionSelector,494,632
viewsari:position-selector_25123,doco:TextPositionSelector,366,402
viewsari:position-selector_25124,doco:TextPositionSelector,821,835
viewsari:position-selector_25125,doco:TextPositionSelector,241,389
viewsari:position-selector_25126,doco:TextPositionSelector,1821,1876
viewsari:position-selector_25127,doco:TextPositionSelector,408,528
viewsari:position-selector_25128,doco:TextPositionSelector,814,871
viewsari:position-selector_25129,doco:TextPositionSelector,81,142
viewsari:position-selector_25130,doco:TextPositionSelector,838,849
viewsari:position-selector_25131,doco:TextPositionSelector,341,376
viewsari:position-selector_25132,doco:TextPositionSelector,341,376
viewsari:position-selector_25133,doco:TextPositionSelector,703,721
viewsari:position-selector_25134,doco:TextPositionSelector,703,721
viewsari:position-selector_25135,doco:TextPositionSelector,981,1004
viewsari:position-selector_25136,doco:TextPositionSelector,981,1004
viewsari:position-selector_25137,doco:TextPositionSelector,355,420
viewsari:position-selector_25138,doco:TextPositionSelector,832,920
viewsari:position-selector_25139,doco:TextPositionSelector,561,581
viewsari:position-selector_25140,doco:TextPositionSelector,1238,1255
viewsari:position-selector_25141,doco:TextPositionSelector,1005,1228
viewsari:position-selector_25142,doco:TextPositionSelector,133,187
viewsari:position-selector_25143,doco:TextPositionSelector,757,781
viewsari:position-selector_25144,doco:TextPositionSelector,880,894
viewsari:position-selector_25145,doco:TextPositionSelector,545,634
viewsari:position-selector_25146,doco:TextPositionSelector,1307,1320
viewsari:position-selector_25147,doco:TextPositionSelector,510,533
viewsari:position-selector_25148,doco:TextPositionSelector,1368,1383
viewsari:position-selector_25149,doco:TextPositionSelector,424,860
viewsari:position-selector_25150,doco:TextPositionSelector,862,1063
viewsari:position-selector_25151,doco:TextPositionSelector,588,659
viewsari:position-selector_25152,doco:TextPositionSelector,545,564
viewsari:position-selector_25153,doco:TextPositionSelector,471,564
viewsari:position-selector_25154,doco:TextPositionSelector,1548,1559
viewsari:position-selector_25155,doco:TextPositionSelector,400,415
viewsari:position-selector_25156,doco:TextPositionSelector,377,415
viewsari:position-selector_25157,doco:TextPositionSelector,337,349
viewsari:position-selector_25158,doco:TextPositionSelector,337,349
viewsari:position-selector_25159,doco:TextPositionSelector,1040,1070
viewsari:position-selector_25160,doco:TextPositionSelector,1061,1090
viewsari:position-selector_25161,doco:TextPositionSelector,1216,1248
viewsari:position-selector_25162,doco:TextPositionSelector,416,489
viewsari:position-selector_25163,doco:TextPositionSelector,115,129
viewsari:position-selector_25164,doco:TextPositionSelector,517,721
viewsari:position-selector_25165,doco:TextPositionSelector,626,1077
viewsari:position-selector_25166,doco:TextPositionSelector,388,420
viewsari:position-selector_25167,doco:TextPositionSelector,1211,1223
viewsari:position-selector_25168,doco:TextPositionSelector,1584,1624
viewsari:position-selector_25169,doco:TextPositionSelector,759,811
viewsari:position-selector_25170,doco:TextPositionSelector,750,774
viewsari:position-selector_25171,doco:TextPositionSelector,1157,1176
viewsari:position-selector_25172,doco:TextPositionSelector,1233,1243
viewsari:position-selector_25173,doco:TextPositionSelector,199,282
viewsari:position-selector_25174,doco:TextPositionSelector,429,448
viewsari:position-selector_25175,doco:TextPositionSelector,520,598
viewsari:position-selector_25176,doco:TextPositionSelector,926,937
viewsari:position-selector_25177,doco:TextPositionSelector,1367,1425
viewsari:position-selector_25178,doco:TextPositionSelector,231,402
viewsari:position-selector_25179,doco:TextPositionSelector,598,615
viewsari:position-selector_25180,doco:TextPositionSelector,1416,1442
viewsari:position-selector_25181,doco:TextPositionSelector,1518,1593
viewsari:position-selector_25182,doco:TextPositionSelector,1509,1534
viewsari:position-selector_25183,doco:TextPositionSelector,699,709
viewsari:position-selector_25184,doco:TextPositionSelector,107,143
viewsari:position-selector_25185,doco:TextPositionSelector,649,672
viewsari:position-selector_25186,doco:TextPositionSelector,225,329
viewsari:position-selector_25187,doco:TextPositionSelector,773,831
viewsari:position-selector_25188,doco:TextPositionSelector,1321,1349
viewsari:position-selector_25189,doco:TextPositionSelector,23,100
viewsari:position-selector_25190,doco:TextPositionSelector,589,606
viewsari:position-selector_25191,doco:TextPositionSelector,22,1017
viewsari:position-selector_25192,doco:TextPositionSelector,928,1017
viewsari:position-selector_25193,doco:TextPositionSelector,132,147
viewsari:position-selector_25194,doco:TextPositionSelector,267,606
viewsari:position-selector_25195,doco:TextPositionSelector,1100,1110
viewsari:position-selector_25196,doco:TextPositionSelector,739,757
viewsari:position-selector_25197,doco:TextPositionSelector,292,301
viewsari:position-selector_25198,doco:TextPositionSelector,202,209
viewsari:position-selector_25199,doco:TextPositionSelector,295,322
viewsari:position-selector_25200,doco:TextPositionSelector,70,77
viewsari:position-selector_25201,doco:TextPositionSelector,70,77
viewsari:position-selector_25202,doco:TextPositionSelector,163,337
viewsari:position-selector_25203,doco:TextPositionSelector,163,337
viewsari:position-selector_25204,doco:TextPositionSelector,659,680
viewsari:position-selector_25205,doco:TextPositionSelector,408,418
viewsari:position-selector_25206,doco:TextPositionSelector,1579,1589
viewsari:position-selector_25207,doco:TextPositionSelector,1472,1492
viewsari:position-selector_25208,doco:TextPositionSelector,1224,1238
viewsari:position-selector_25209,doco:TextPositionSelector,572,625
viewsari:position-selector_25210,doco:TextPositionSelector,697,781
viewsari:position-selector_25211,doco:TextPositionSelector,799,819
viewsari:position-selector_25212,doco:TextPositionSelector,1067,1083
viewsari:position-selector_25213,doco:TextPositionSelector,46,65
viewsari:position-selector_25214,doco:TextPositionSelector,705,719
viewsari:position-selector_25215,doco:TextPositionSelector,442,461
viewsari:position-selector_25216,doco:TextPositionSelector,1021,1037
viewsari:position-selector_25217,doco:TextPositionSelector,2311,2344
viewsari:position-selector_25218,doco:TextPositionSelector,2311,2344
viewsari:position-selector_25219,doco:TextPositionSelector,2277,2344
viewsari:position-selector_25220,doco:TextPositionSelector,2277,2344
viewsari:position-selector_25221,doco:TextPositionSelector,51,76
viewsari:position-selector_25222,doco:TextPositionSelector,298,404
viewsari:position-selector_25223,doco:TextPositionSelector,298,831
viewsari:position-selector_25224,doco:TextPositionSelector,487,508
viewsari:position-selector_25225,doco:TextPositionSelector,860,1102
viewsari:position-selector_25226,doco:TextPositionSelector,1026,1046
viewsari:position-selector_25227,doco:TextPositionSelector,276,287
viewsari:position-selector_25228,doco:TextPositionSelector,1,28
viewsari:position-selector_25229,doco:TextPositionSelector,1,28
viewsari:position-selector_25230,doco:TextPositionSelector,1151,1167
viewsari:position-selector_25231,doco:TextPositionSelector,145,184
viewsari:position-selector_25232,doco:TextPositionSelector,145,184
viewsari:position-selector_25233,doco:TextPositionSelector,679,761
viewsari:position-selector_25234,doco:TextPositionSelector,679,761
viewsari:position-selector_25235,doco:TextPositionSelector,26,41
viewsari:position-selector_25236,doco:TextPositionSelector,331,365
viewsari:position-selector_25237,doco:TextPositionSelector,331,365
viewsari:position-selector_25238,doco:TextPositionSelector,153,176
viewsari:position-selector_25239,doco:TextPositionSelector,1693,1717
viewsari:position-selector_25240,doco:TextPositionSelector,1029,1060
viewsari:position-selector_25241,doco:TextPositionSelector,992,1018
viewsari:position-selector_25242,doco:TextPositionSelector,242,301
viewsari:position-selector_25243,doco:TextPositionSelector,736,778
viewsari:position-selector_25244,doco:TextPositionSelector,156,301
viewsari:position-selector_25245,doco:TextPositionSelector,865,908
viewsari:position-selector_25246,doco:TextPositionSelector,328,396
viewsari:position-selector_25247,doco:TextPositionSelector,328,449
viewsari:position-selector_25248,doco:TextPositionSelector,328,449
viewsari:position-selector_25249,doco:TextPositionSelector,378,396
viewsari:position-selector_25250,doco:TextPositionSelector,1674,1691
viewsari:position-selector_25251,doco:TextPositionSelector,1674,1691
viewsari:position-selector_25252,doco:TextPositionSelector,391,449
viewsari:position-selector_25253,doco:TextPositionSelector,391,449
viewsari:position-selector_25254,doco:TextPositionSelector,1064,1075
viewsari:position-selector_25255,doco:TextPositionSelector,1115,1691
viewsari:position-selector_25256,doco:TextPositionSelector,1115,1691
viewsari:position-selector_25257,doco:TextPositionSelector,656,663
viewsari:position-selector_25258,doco:TextPositionSelector,476,513
viewsari:position-selector_25259,doco:TextPositionSelector,442,504
viewsari:position-selector_25260,doco:TextPositionSelector,928,992
viewsari:position-selector_25261,doco:TextPositionSelector,442,685
viewsari:position-selector_25262,doco:TextPositionSelector,239,251
viewsari:position-selector_25263,doco:TextPositionSelector,1029,1112
viewsari:position-selector_25264,doco:TextPositionSelector,78,358
viewsari:position-selector_25265,doco:TextPositionSelector,733,768
viewsari:position-selector_25266,doco:TextPositionSelector,824,841
viewsari:position-selector_25267,doco:TextPositionSelector,824,841
viewsari:position-selector_25268,doco:TextPositionSelector,160,170
viewsari:position-selector_25269,doco:TextPositionSelector,832,886
viewsari:position-selector_25270,doco:TextPositionSelector,568,606
viewsari:position-selector_25271,doco:TextPositionSelector,272,289
viewsari:position-selector_25272,doco:TextPositionSelector,533,816
viewsari:position-selector_25273,doco:TextPositionSelector,533,570
viewsari:position-selector_25274,doco:TextPositionSelector,833,843
viewsari:position-selector_25275,doco:TextPositionSelector,1435,1501
viewsari:position-selector_25276,doco:TextPositionSelector,560,816
viewsari:position-selector_25277,doco:TextPositionSelector,464,507
viewsari:position-selector_25278,doco:TextPositionSelector,509,540
viewsari:position-selector_25279,doco:TextPositionSelector,653,664
viewsari:position-selector_25280,doco:TextPositionSelector,1120,1135
viewsari:position-selector_25281,doco:TextPositionSelector,54,302
viewsari:position-selector_25282,doco:TextPositionSelector,593,621
viewsari:position-selector_25283,doco:TextPositionSelector,245,277
viewsari:position-selector_25284,doco:TextPositionSelector,1105,1279
viewsari:position-selector_25285,doco:TextPositionSelector,476,510
viewsari:position-selector_25286,doco:TextPositionSelector,155,168
viewsari:position-selector_25287,doco:TextPositionSelector,324,337
viewsari:position-selector_25288,doco:TextPositionSelector,1911,1930
viewsari:position-selector_25289,doco:TextPositionSelector,324,987
viewsari:position-selector_25290,doco:TextPositionSelector,663,737
viewsari:position-selector_25291,doco:TextPositionSelector,729,758
viewsari:position-selector_25292,doco:TextPositionSelector,663,758
viewsari:position-selector_25293,doco:TextPositionSelector,450,478
viewsari:position-selector_25294,doco:TextPositionSelector,450,478
viewsari:position-selector_25295,doco:TextPositionSelector,783,1061
viewsari:position-selector_25296,doco:TextPositionSelector,287,741
viewsari:position-selector_25297,doco:TextPositionSelector,388,656
viewsari:position-selector_25298,doco:TextPositionSelector,388,695
viewsari:position-selector_25299,doco:TextPositionSelector,388,1241
viewsari:position-selector_25300,doco:TextPositionSelector,388,1241
viewsari:position-selector_25301,doco:TextPositionSelector,686,768
viewsari:position-selector_25302,doco:TextPositionSelector,759,1241
viewsari:position-selector_25303,doco:TextPositionSelector,759,1241
viewsari:position-selector_25304,doco:TextPositionSelector,1177,1241
viewsari:position-selector_25305,doco:TextPositionSelector,1177,1241
viewsari:position-selector_25306,doco:TextPositionSelector,396,437
viewsari:position-selector_25307,doco:TextPositionSelector,478,1409
viewsari:position-selector_25308,doco:TextPositionSelector,496,508
viewsari:position-selector_25309,doco:TextPositionSelector,391,484
viewsari:position-selector_25310,doco:TextPositionSelector,528,579
viewsari:position-selector_25311,doco:TextPositionSelector,528,549
viewsari:position-selector_25312,doco:TextPositionSelector,898,939
viewsari:position-selector_25313,doco:TextPositionSelector,662,706
viewsari:position-selector_25314,doco:TextPositionSelector,982,999
viewsari:position-selector_25315,doco:TextPositionSelector,204,255
viewsari:position-selector_25316,doco:TextPositionSelector,353,363
viewsari:position-selector_25317,doco:TextPositionSelector,1042,1100
viewsari:position-selector_25318,doco:TextPositionSelector,163,232
viewsari:position-selector_25319,doco:TextPositionSelector,163,232
viewsari:position-selector_25320,doco:TextPositionSelector,827,1205
viewsari:position-selector_25321,doco:TextPositionSelector,827,1205
viewsari:position-selector_25322,doco:TextPositionSelector,1243,1253
viewsari:position-selector_25323,doco:TextPositionSelector,167,189
viewsari:position-selector_25324,doco:TextPositionSelector,534,554
viewsari:position-selector_25325,doco:TextPositionSelector,1406,1446
viewsari:position-selector_25326,doco:TextPositionSelector,675,900
viewsari:position-selector_25327,doco:TextPositionSelector,436,465
viewsari:position-selector_25328,doco:TextPositionSelector,669,687
viewsari:position-selector_25329,doco:TextPositionSelector,598,619
viewsari:position-selector_25330,doco:TextPositionSelector,299,322
viewsari:position-selector_25331,doco:TextPositionSelector,195,242
viewsari:position-selector_25332,doco:TextPositionSelector,214,242
viewsari:position-selector_25333,doco:TextPositionSelector,50,86
viewsari:position-selector_25334,doco:TextPositionSelector,195,230
viewsari:position-selector_25335,doco:TextPositionSelector,986,1103
viewsari:position-selector_25336,doco:TextPositionSelector,986,1103
viewsari:position-selector_25337,doco:TextPositionSelector,83,148
viewsari:position-selector_25338,doco:TextPositionSelector,369,405
viewsari:position-selector_25339,doco:TextPositionSelector,1128,1142
viewsari:position-selector_25340,doco:TextPositionSelector,1241,1283
viewsari:position-selector_25341,doco:TextPositionSelector,747,865
viewsari:position-selector_25342,doco:TextPositionSelector,287,433
viewsari:position-selector_25343,doco:TextPositionSelector,822,884
viewsari:position-selector_25344,doco:TextPositionSelector,22,77
viewsari:position-selector_25345,doco:TextPositionSelector,317,584
viewsari:position-selector_25346,doco:TextPositionSelector,564,626
viewsari:position-selector_25347,doco:TextPositionSelector,127,178
viewsari:position-selector_25348,doco:TextPositionSelector,76,101
viewsari:position-selector_25349,doco:TextPositionSelector,196,379
viewsari:position-selector_25350,doco:TextPositionSelector,523,539
viewsari:position-selector_25351,doco:TextPositionSelector,573,586
viewsari:position-selector_25352,doco:TextPositionSelector,599,623
viewsari:position-selector_25353,doco:TextPositionSelector,9,31
viewsari:position-selector_25354,doco:TextPositionSelector,1339,1434
viewsari:position-selector_25355,doco:TextPositionSelector,368,425
viewsari:position-selector_25356,doco:TextPositionSelector,368,425
viewsari:position-selector_25357,doco:TextPositionSelector,368,595
viewsari:position-selector_25358,doco:TextPositionSelector,618,642
viewsari:position-selector_25359,doco:TextPositionSelector,618,642
viewsari:position-selector_25360,doco:TextPositionSelector,322,598
viewsari:position-selector_25361,doco:TextPositionSelector,494,598
viewsari:position-selector_25362,doco:TextPositionSelector,494,598
viewsari:position-selector_25363,doco:TextPositionSelector,35,150
viewsari:position-selector_25364,doco:TextPositionSelector,268,291
viewsari:position-selector_25365,doco:TextPositionSelector,556,578
viewsari:position-selector_25366,doco:TextPositionSelector,193,240
viewsari:position-selector_25367,doco:TextPositionSelector,1101,1492
viewsari:position-selector_25368,doco:TextPositionSelector,1507,1521
viewsari:position-selector_25369,doco:TextPositionSelector,643,650
viewsari:position-selector_25370,doco:TextPositionSelector,498,629
viewsari:position-selector_25371,doco:TextPositionSelector,467,507
viewsari:position-selector_25372,doco:TextPositionSelector,179,204
viewsari:position-selector_25373,doco:TextPositionSelector,179,204
viewsari:position-selector_25374,doco:TextPositionSelector,399,411
viewsari:position-selector_25375,doco:TextPositionSelector,792,822
viewsari:position-selector_25376,doco:TextPositionSelector,316,369
viewsari:position-selector_25377,doco:TextPositionSelector,283,305
viewsari:position-selector_25378,doco:TextPositionSelector,302,1078
viewsari:position-selector_25379,doco:TextPositionSelector,496,538
viewsari:position-selector_25380,doco:TextPositionSelector,437,538
viewsari:position-selector_25381,doco:TextPositionSelector,245,262
viewsari:position-selector_25382,doco:TextPositionSelector,190,219
viewsari:position-selector_25383,doco:TextPositionSelector,55,178
viewsari:position-selector_25384,doco:TextPositionSelector,190,201
viewsari:position-selector_25385,doco:TextPositionSelector,664,681
viewsari:position-selector_25386,doco:TextPositionSelector,896,1223
viewsari:position-selector_25387,doco:TextPositionSelector,896,1572
viewsari:position-selector_25388,doco:TextPositionSelector,664,1223
viewsari:position-selector_25389,doco:TextPositionSelector,178,1068
viewsari:position-selector_25390,doco:TextPositionSelector,720,750
viewsari:position-selector_25391,doco:TextPositionSelector,357,380
viewsari:position-selector_25392,doco:TextPositionSelector,2273,2289
viewsari:position-selector_25393,doco:TextPositionSelector,323,350
viewsari:position-selector_25394,doco:TextPositionSelector,1984,1999
viewsari:position-selector_25395,doco:TextPositionSelector,495,551
viewsari:position-selector_25396,doco:TextPositionSelector,1270,1281
viewsari:position-selector_25397,doco:TextPositionSelector,290,300
viewsari:position-selector_25398,doco:TextPositionSelector,495,797
viewsari:position-selector_25399,doco:TextPositionSelector,1155,1179
viewsari:position-selector_25400,doco:TextPositionSelector,796,1001
viewsari:position-selector_25401,doco:TextPositionSelector,1178,1201
viewsari:position-selector_25402,doco:TextPositionSelector,1080,1103
viewsari:position-selector_25403,doco:TextPositionSelector,196,238
viewsari:position-selector_25404,doco:TextPositionSelector,419,439
viewsari:position-selector_25405,doco:TextPositionSelector,1419,1436
viewsari:position-selector_25406,doco:TextPositionSelector,1178,1441
viewsari:position-selector_25407,doco:TextPositionSelector,262,287
viewsari:position-selector_25408,doco:TextPositionSelector,610,624
viewsari:position-selector_25409,doco:TextPositionSelector,1702,1738
viewsari:position-selector_25410,doco:TextPositionSelector,64,1636
viewsari:position-selector_25411,doco:TextPositionSelector,603,717
viewsari:position-selector_25412,doco:TextPositionSelector,443,601
viewsari:position-selector_25413,doco:TextPositionSelector,1441,1453
viewsari:position-selector_25414,doco:TextPositionSelector,142,230
viewsari:position-selector_25415,doco:TextPositionSelector,199,220
viewsari:position-selector_25416,doco:TextPositionSelector,1310,1317
viewsari:position-selector_25417,doco:TextPositionSelector,77,348
viewsari:position-selector_25418,doco:TextPositionSelector,178,586
viewsari:position-selector_25419,doco:TextPositionSelector,178,844
viewsari:position-selector_25420,doco:TextPositionSelector,178,1031
viewsari:position-selector_25421,doco:TextPositionSelector,178,1186
viewsari:position-selector_25422,doco:TextPositionSelector,636,844
viewsari:position-selector_25423,doco:TextPositionSelector,636,1031
viewsari:position-selector_25424,doco:TextPositionSelector,636,1068
viewsari:position-selector_25425,doco:TextPositionSelector,636,1186
viewsari:position-selector_25426,doco:TextPositionSelector,1014,1031
viewsari:position-selector_25427,doco:TextPositionSelector,1014,1068
viewsari:position-selector_25428,doco:TextPositionSelector,1014,1186
viewsari:position-selector_25429,doco:TextPositionSelector,1035,1068
viewsari:position-selector_25430,doco:TextPositionSelector,1035,1186
viewsari:position-selector_25431,doco:TextPositionSelector,1152,1186
viewsari:position-selector_25432,doco:TextPositionSelector,189,222
viewsari:position-selector_25433,doco:TextPositionSelector,234,314
viewsari:position-selector_25434,doco:TextPositionSelector,988,1003
viewsari:position-selector_25435,doco:TextPositionSelector,1474,1495
viewsari:position-selector_25436,doco:TextPositionSelector,296,317
viewsari:position-selector_25437,doco:TextPositionSelector,1663,1701
viewsari:position-selector_25438,doco:TextPositionSelector,1486,1701
viewsari:position-selector_25439,doco:TextPositionSelector,27,92
viewsari:position-selector_25440,doco:TextPositionSelector,1077,1145
viewsari:position-selector_25441,doco:TextPositionSelector,1098,1125
viewsari:position-selector_25442,doco:TextPositionSelector,484,520
viewsari:position-selector_25443,doco:TextPositionSelector,219,226
viewsari:position-selector_25444,doco:TextPositionSelector,906,927
viewsari:position-selector_25445,doco:TextPositionSelector,1052,1173
viewsari:position-selector_25446,doco:TextPositionSelector,370,407
viewsari:position-selector_25447,doco:TextPositionSelector,1347,1398
viewsari:position-selector_25448,doco:TextPositionSelector,1563,1584
viewsari:position-selector_25449,doco:TextPositionSelector,737,1068
viewsari:position-selector_25450,doco:TextPositionSelector,737,1551
viewsari:position-selector_25451,doco:TextPositionSelector,1347,1551
viewsari:position-selector_25452,doco:TextPositionSelector,644,668
viewsari:position-selector_25453,doco:TextPositionSelector,398,437
viewsari:position-selector_25454,doco:TextPositionSelector,589,642
viewsari:position-selector_25455,doco:TextPositionSelector,2151,2181
viewsari:position-selector_25456,doco:TextPositionSelector,517,1672
viewsari:position-selector_25457,doco:TextPositionSelector,1180,1190
viewsari:position-selector_25458,doco:TextPositionSelector,1054,1209
viewsari:position-selector_25459,doco:TextPositionSelector,711,734
viewsari:position-selector_25460,doco:TextPositionSelector,141,166
viewsari:position-selector_25461,doco:TextPositionSelector,230,243
viewsari:position-selector_25462,doco:TextPositionSelector,162,209
viewsari:position-selector_25463,doco:TextPositionSelector,1930,1970
viewsari:position-selector_25464,doco:TextPositionSelector,1014,1048
viewsari:position-selector_25465,doco:TextPositionSelector,792,811
viewsari:position-selector_25466,doco:TextPositionSelector,153,163
viewsari:position-selector_25467,doco:TextPositionSelector,472,1008
viewsari:position-selector_25468,doco:TextPositionSelector,1248,1301
viewsari:position-selector_25469,doco:TextPositionSelector,917,1032
